Peptide	Prev AA	Next AA	Peptide Length	Protein Start	Protein End	Charges	Probability	Spectral Count	Intensity	Assigned Modifications	Observed Modifications	Protein	Protein ID	Entry Name	Gene	Protein Description	Mapped Genes	Mapped Proteins
AEEYTEETEEREESTTGFDK	K	S	20	792	811	3	0.9876	1	0.000000			sp|Q9Y2W1|TR150_HUMAN	Q9Y2W1	TR150_HUMAN	THRAP3	Thyroid hormone receptor-associated protein 3		
ALDTMNFDVIK	R	G	11	68	78	2	0.8193	1	0.000000			sp|P11940|PABP1_HUMAN	P11940	PABP1_HUMAN	PABPC1	Polyadenylate-binding protein 1		
AQVADVVVSR	K	W	10	1073	1082	2	0.7738	1	0.000000			sp|P49327|FAS_HUMAN	P49327	FAS_HUMAN	FASN	Fatty acid synthase		
ASAAPKPEPVPVQK	R	G	14	84	97	2	0.9287	1	0.000000			sp|Q96HC4|PDLI5_HUMAN	Q96HC4	PDLI5_HUMAN	PDLIM5	PDZ and LIM domain protein 5		
ASAVSELSPR	R	E	10	236	245	2	0.7325	1	0.000000			sp|Q9Y2W1|TR150_HUMAN	Q9Y2W1	TR150_HUMAN	THRAP3	Thyroid hormone receptor-associated protein 3		
DGEDQTQDTELVETRPAGDR	R	T	20	244	263	3	0.9713	1	0.000000			sp|P01889|HLAB_HUMAN	P01889	HLAB_HUMAN	HLA-B	HLA class I histocompatibility antigen, B alpha chain		
DGVVRPLK	R	C	8	1820	1827	2	0.7759	2	0.000000			sp|P49327|FAS_HUMAN	P49327	FAS_HUMAN	FASN	Fatty acid synthase		
DPSQQELPR	R	L	9	1172	1180	2	0.5356	1	0.000000			sp|P49327|FAS_HUMAN	P49327	FAS_HUMAN	FASN	Fatty acid synthase		
DSRPSQAAGDNQGDEAK	K	E	17	186	202	3	0.9866	1	0.000000	16A(28.0313)		sp|Q9Y2W1|TR150_HUMAN	Q9Y2W1	TR150_HUMAN	THRAP3	Thyroid hormone receptor-associated protein 3		
DTSFEQHVLWHTGGK	R	G	15	1725	1739	2, 3	0.9914	2	0.000000			sp|P49327|FAS_HUMAN	P49327	FAS_HUMAN	FASN	Fatty acid synthase		
DYIALNEDLR	K	S	10	146	155	2	0.7667	1	0.000000			sp|P01889|HLAB_HUMAN	P01889	HLAB_HUMAN	HLA-B	HLA class I histocompatibility antigen, B alpha chain		
EAAEQDVEK	K	K	9	201	209	2	0.7746	2	0.000000			sp|P26373|RL13_HUMAN	P26373	RL13_HUMAN	RPL13	60S ribosomal protein L13		
EDGLAQQQTQLNLR	K	S	14	2207	2220	2	0.9109	1	0.000000			sp|P49327|FAS_HUMAN	P49327	FAS_HUMAN	FASN	Fatty acid synthase		
EEEWDPEYTPK	R	S	11	866	876	2	0.8213	1	0.000000			sp|Q9Y2W1|TR150_HUMAN	Q9Y2W1	TR150_HUMAN	THRAP3	Thyroid hormone receptor-associated protein 3		
EFSPFGTITSAK	K	V	12	313	324	2	0.7834	1	0.000000			sp|P11940|PABP1_HUMAN	P11940	PABP1_HUMAN	PABPC1	Polyadenylate-binding protein 1		
ELNLVLSVR	R	E	9	2169	2177	2	0.6181	1	0.000000			sp|P49327|FAS_HUMAN	P49327	FAS_HUMAN	FASN	Fatty acid synthase		
EQTFSGGTSQDTK	K	A	13	203	215	2	0.8801	1	0.000000			sp|Q9Y2W1|TR150_HUMAN	Q9Y2W1	TR150_HUMAN	THRAP3	Thyroid hormone receptor-associated protein 3		
EREAELGAR	K	A	9	178	186	2	0.5741	1	0.000000			sp|P11940|PABP1_HUMAN	P11940	PABP1_HUMAN	PABPC1	Polyadenylate-binding protein 1		
EVVKPVPITSPAVSK	K	V	15	102	116	2	0.9429	1	0.000000			sp|Q96HC4|PDLI5_HUMAN	Q96HC4	PDLI5_HUMAN	PDLIM5	PDZ and LIM domain protein 5		
FDASFFGVHPK	R	Q	11	60	70	2	0.8302	1	0.000000			sp|P49327|FAS_HUMAN	P49327	FAS_HUMAN	FASN	Fatty acid synthase		
FISVGYVDDTQFVR	R	F	14	46	59	2	0.7908	1	0.000000			sp|P01889|HLAB_HUMAN	P01889	HLAB_HUMAN	HLA-B	HLA class I histocompatibility antigen, B alpha chain		
FPQLDSTSFANSR	R	D	13	1712	1724	2	0.8470	1	0.000000			sp|P49327|FAS_HUMAN	P49327	FAS_HUMAN	FASN	Fatty acid synthase		
FSPAGPILSIR	K	V	11	31	41	2	0.8177	3	0.000000			sp|P11940|PABP1_HUMAN	P11940	PABP1_HUMAN	PABPC1	Polyadenylate-binding protein 1		
GFGFVSFER	K	H	9	232	240	2	0.6694	1	0.000000			sp|P11940|PABP1_HUMAN	P11940	PABP1_HUMAN	PABPC1	Polyadenylate-binding protein 1		
GFSLEELR	R	V	8	75	82	2	0.5408	1	0.000000			sp|P26373|RL13_HUMAN	P26373	RL13_HUMAN	RPL13	60S ribosomal protein L13		
GGAESHTFK	R	-	9	69	77	2	0.5475	1	0.000000			sp|P50238|CRIP1_HUMAN	P50238	CRIP1_HUMAN	CRIP1	Cysteine-rich protein 1		
GILADEDSSRPVWLK	K	A	15	1430	1444	2, 3	0.9664	2	0.000000			sp|P49327|FAS_HUMAN	P49327	FAS_HUMAN	FASN	Fatty acid synthase		
GLVQALQTK	K	V	9	1143	1151	2	0.6656	1	0.000000			sp|P49327|FAS_HUMAN	P49327	FAS_HUMAN	FASN	Fatty acid synthase		
GMGLSLMR	R	L	8	505	512	2	0.5624	1	0.000000			sp|P49327|FAS_HUMAN	P49327	FAS_HUMAN	FASN	Fatty acid synthase		
GNAGQSNYGFANSAMER	R	I	17	2027	2043	2	0.9917	1	0.000000			sp|P49327|FAS_HUMAN	P49327	FAS_HUMAN	FASN	Fatty acid synthase		
GPFLVALGK	R	S	9	429	437	2	0.7331	1	0.000000			sp|Q96HC4|PDLI5_HUMAN	Q96HC4	PDLI5_HUMAN	PDLIM5	PDZ and LIM domain protein 5		
GTPLISPLIK	R	W	10	826	835	2	0.7255	1	0.000000			sp|P49327|FAS_HUMAN	P49327	FAS_HUMAN	FASN	Fatty acid synthase		
GYGFVHFETQEAAER	K	A	15	139	153	2, 3	0.9699	3	0.000000			sp|P11940|PABP1_HUMAN	P11940	PABP1_HUMAN	PABPC1	Polyadenylate-binding protein 1		
HGLYLPTR	K	V	8	1044	1051	2	0.7533	1	0.000000			sp|P49327|FAS_HUMAN	P49327	FAS_HUMAN	FASN	Fatty acid synthase		
IERPGEGSPMVDNPMR	K	R	16	280	295	3	0.5264	1	0.000000			sp|Q96T88|UHRF1_HUMAN	Q96T88	UHRF1_HUMAN	UHRF1	E3 ubiquitin-protein ligase UHRF1		
ILAQITGTEHLK	R	E	12	285	296	3	0.7003	1	0.000000			sp|Q96HC4|PDLI5_HUMAN	Q96HC4	PDLI5_HUMAN	PDLIM5	PDZ and LIM domain protein 5		
IQELFHVEPGLQR	K	L	13	32	44	3	0.5408	1	0.000000			sp|Q96T88|UHRF1_HUMAN	Q96T88	UHRF1_HUMAN	UHRF1	E3 ubiquitin-protein ligase UHRF1		
ISDTGLAAGTVPEK	R	Q	14	436	449	2	0.6341	1	0.000000	8A(28.0313)		sp|Q7LBC6|KDM3B_HUMAN	Q7LBC6	KDM3B_HUMAN	KDM3B	Lysine-specific demethylase 3B		
KGDSSAEELK	K	L	10	136	145	2, 3	0.8657	2	0.000000			sp|P26373|RL13_HUMAN	P26373	RL13_HUMAN	RPL13	60S ribosomal protein L13		
LATQLTGPVMPVR	K	N	13	146	158	2	0.8903	2	0.000000			sp|P26373|RL13_HUMAN	P26373	RL13_HUMAN	RPL13	60S ribosomal protein L13		
LFNSLLLGPTASNNK	K	T	15	1273	1287	2	0.7169	1	0.000000			sp|Q7LBC6|KDM3B_HUMAN	Q7LBC6	KDM3B_HUMAN	KDM3B	Lysine-specific demethylase 3B		
LHLSGIDANPNALFPPVEFPAPR	R	G	23	803	825	3	0.6435	1	0.000000			sp|P49327|FAS_HUMAN	P49327	FAS_HUMAN	FASN	Fatty acid synthase		
LIEDTEDWRPR	R	T	11	264	274	3	0.5631	1	0.000000			sp|Q96HC4|PDLI5_HUMAN	Q96HC4	PDLI5_HUMAN	PDLIM5	PDZ and LIM domain protein 5		
LNSVQSSERPLFLVHPIEGSTTVFHSLASR	R	L	30	2234	2263	4	0.9917	2	0.000000			sp|P49327|FAS_HUMAN	P49327	FAS_HUMAN	FASN	Fatty acid synthase		
LQVVDQPLPVR	R	G	11	374	384	2	0.8268	1	0.000000			sp|P49327|FAS_HUMAN	P49327	FAS_HUMAN	FASN	Fatty acid synthase		
LRDDFEK	K	K	7	414	420	2	0.5570	1	0.000000			sp|Q9Y2W1|TR150_HUMAN	Q9Y2W1	TR150_HUMAN	THRAP3	Thyroid hormone receptor-associated protein 3		
LSPDAIPGK	K	W	9	1583	1591	2	0.7094	2	0.000000			sp|P49327|FAS_HUMAN	P49327	FAS_HUMAN	FASN	Fatty acid synthase		
MNGMLLNDR	K	K	9	158	166	2	0.7569	1	0.000000			sp|P11940|PABP1_HUMAN	P11940	PABP1_HUMAN	PABPC1	Polyadenylate-binding protein 1		
NFGEDMDDER	K	L	10	197	206	2	0.7400	1	0.000000			sp|P11940|PABP1_HUMAN	P11940	PABP1_HUMAN	PABPC1	Polyadenylate-binding protein 1		
NLDDGIDDER	K	L	10	300	309	2	0.8000	1	0.000000			sp|P11940|PABP1_HUMAN	P11940	PABP1_HUMAN	PABPC1	Polyadenylate-binding protein 1		
NREEEWDPEYTPK	R	S	13	864	876	2	0.9097	1	0.000000			sp|Q9Y2W1|TR150_HUMAN	Q9Y2W1	TR150_HUMAN	THRAP3	Thyroid hormone receptor-associated protein 3		
RAYLQAR	K	F	7	1705	1711	2	0.5774	1	0.000000			sp|P49327|FAS_HUMAN	P49327	FAS_HUMAN	FASN	Fatty acid synthase		
RPTPQDSPIFLPVDDTSFR	R	W	19	1405	1423	3	0.9735	1	0.000000			sp|P49327|FAS_HUMAN	P49327	FAS_HUMAN	FASN	Fatty acid synthase		
RQQEQQVPILEK	R	F	12	1105	1116	2, 3	0.9416	2	0.000000			sp|P49327|FAS_HUMAN	P49327	FAS_HUMAN	FASN	Fatty acid synthase		
RVATWFNQPAR	R	K	11	21	31	3	0.6633	1	0.000000			sp|P26373|RL13_HUMAN	P26373	RL13_HUMAN	RPL13	60S ribosomal protein L13		
SDSFAPK	K	T	7	390	396	2	0.5263	1	0.000000			sp|Q9Y2W1|TR150_HUMAN	Q9Y2W1	TR150_HUMAN	THRAP3	Thyroid hormone receptor-associated protein 3		
SEGVVAVLLTK	R	K	11	225	235	2	0.8019	2	0.000000			sp|P49327|FAS_HUMAN	P49327	FAS_HUMAN	FASN	Fatty acid synthase		
SGVGNIFIK	K	N	9	96	104	2	0.7735	1	0.000000			sp|P11940|PABP1_HUMAN	P11940	PABP1_HUMAN	PABPC1	Polyadenylate-binding protein 1		
SIFQHIQSAQSQR	R	S	13	609	621	2, 3	0.8986	2	0.000000			sp|Q9Y2W1|TR150_HUMAN	Q9Y2W1	TR150_HUMAN	THRAP3	Thyroid hormone receptor-associated protein 3		
SLLVNPEGPTLMR	R	L	13	2221	2233	2	0.8870	2	0.000000			sp|P49327|FAS_HUMAN	P49327	FAS_HUMAN	FASN	Fatty acid synthase		
SLYQSAGVAPESFEYIEAHGTGTK	R	V	24	275	298	3	0.9633	1	0.000000			sp|P49327|FAS_HUMAN	P49327	FAS_HUMAN	FASN	Fatty acid synthase		
SNMGHPEPASGLAALAK	K	V	17	327	343	2	0.9917	1	0.000000			sp|P49327|FAS_HUMAN	P49327	FAS_HUMAN	FASN	Fatty acid synthase		
SPLQSVVVR	K	R	9	253	261	2	0.7759	1	0.000000			sp|Q9Y2W1|TR150_HUMAN	Q9Y2W1	TR150_HUMAN	THRAP3	Thyroid hormone receptor-associated protein 3		
SPSWQRPNQGVPSTGR	K	I	16	360	375	3	0.8840	1	0.000000			sp|Q96HC4|PDLI5_HUMAN	Q96HC4	PDLI5_HUMAN	PDLIM5	PDZ and LIM domain protein 5		
STESLQANVQR	K	L	11	106	116	2	0.8697	4	0.000000	7A(30.0105)		sp|P26373|RL13_HUMAN	P26373	RL13_HUMAN	RPL13	60S ribosomal protein L13		
SWTAADTAAQITQR	R	K	14	156	169	2	0.6515	1	0.000000			sp|P01889|HLAB_HUMAN	P01889	HLAB_HUMAN	HLA-B	HLA class I histocompatibility antigen, B alpha chain		
TAVNVPR	K	Q	7	199	205	2	0.5685	1	0.000000			sp|Q96HC4|PDLI5_HUMAN	Q96HC4	PDLI5_HUMAN	PDLIM5	PDZ and LIM domain protein 5		
TEELEEESFPER	K	S	12	487	498	2	0.7574	1	0.000000			sp|Q9Y2W1|TR150_HUMAN	Q9Y2W1	TR150_HUMAN	THRAP3	Thyroid hormone receptor-associated protein 3		
TGTVSLEVR	K	L	9	928	936	2	0.7376	1	0.000000			sp|P49327|FAS_HUMAN	P49327	FAS_HUMAN	FASN	Fatty acid synthase		
THVTHHPISDHEATLR	K	C	16	211	226	4	0.7533	1	0.000000			sp|P01889|HLAB_HUMAN	P01889	HLAB_HUMAN	HLA-B	HLA class I histocompatibility antigen, B alpha chain		
TPEAVQK	R	L	7	430	436	2	0.7184	1	0.000000			sp|P49327|FAS_HUMAN	P49327	FAS_HUMAN	FASN	Fatty acid synthase		
VANTSTQTMGPRPAAAAAAATPAVR	R	T	25	482	506	3	0.9844	1	0.000000	14A(28.0313)		sp|P11940|PABP1_HUMAN	P11940	PABP1_HUMAN	PABPC1	Polyadenylate-binding protein 1		
VATWFNQPAR	R	K	10	22	31	2	0.8312	2	0.000000			sp|P26373|RL13_HUMAN	P26373	RL13_HUMAN	RPL13	60S ribosomal protein L13		
VDEAVAVLQAHQAK	K	E	14	607	620	2, 3	0.9323	2	0.000000			sp|P11940|PABP1_HUMAN	P11940	PABP1_HUMAN	PABPC1	Polyadenylate-binding protein 1		
VFTTVGSAEK	R	R	10	1695	1704	2	0.7424	1	0.000000			sp|P49327|FAS_HUMAN	P49327	FAS_HUMAN	FASN	Fatty acid synthase		
VGDPQELNGITR	K	A	12	299	310	2	0.8564	1	0.000000			sp|P49327|FAS_HUMAN	P49327	FAS_HUMAN	FASN	Fatty acid synthase		
VLEALLPLK	R	G	9	2383	2391	2	0.7503	2	0.000000			sp|P49327|FAS_HUMAN	P49327	FAS_HUMAN	FASN	Fatty acid synthase		
VLQGDLVMNVYR	K	D	12	1496	1507	2	0.8582	1	0.000000			sp|P49327|FAS_HUMAN	P49327	FAS_HUMAN	FASN	Fatty acid synthase		
VMGLVPAK	R	G	8	1613	1620	2	0.5573	1	0.000000			sp|P49327|FAS_HUMAN	P49327	FAS_HUMAN	FASN	Fatty acid synthase		
VSVHVIEGDHR	K	T	11	2472	2482	2, 3	0.9267	2	0.000000			sp|P49327|FAS_HUMAN	P49327	FAS_HUMAN	FASN	Fatty acid synthase		
VTAIHIDPATHR	R	Q	12	1052	1063	2	0.9084	1	0.000000			sp|P49327|FAS_HUMAN	P49327	FAS_HUMAN	FASN	Fatty acid synthase		
VVEVLAGHGHLYSR	K	I	14	1242	1255	2, 3	0.9683	2	0.000000			sp|P49327|FAS_HUMAN	P49327	FAS_HUMAN	FASN	Fatty acid synthase		
VVVQVLAEEPEAVLK	K	G	15	1852	1866	2	0.9064	2	0.000000			sp|P49327|FAS_HUMAN	P49327	FAS_HUMAN	FASN	Fatty acid synthase		
VYATILNAGTNTDGFK	R	E	16	242	257	2	0.9643	1	0.000000			sp|P49327|FAS_HUMAN	P49327	FAS_HUMAN	FASN	Fatty acid synthase		
WAAVVVPSGEEQR	K	Y	13	268	280	2	0.9316	1	0.000000			sp|P01889|HLAB_HUMAN	P01889	HLAB_HUMAN	HLA-B	HLA class I histocompatibility antigen, B alpha chain		
WLSTSIPEAQWHSSLAR	R	T	17	712	728	3	0.8675	1	0.000000			sp|P49327|FAS_HUMAN	P49327	FAS_HUMAN	FASN	Fatty acid synthase		
WTSQDSLLGMEFSGR	K	D	15	1592	1606	2	0.9733	1	0.000000			sp|P49327|FAS_HUMAN	P49327	FAS_HUMAN	FASN	Fatty acid synthase		
YHGNVMLLR	K	A	9	2439	2447	2, 3	0.8012	2	0.000000			sp|P49327|FAS_HUMAN	P49327	FAS_HUMAN	FASN	Fatty acid synthase		
YTEFYHVPTHSDASK	R	K	15	247	261	3	0.7009	1	0.000000			sp|Q96HC4|PDLI5_HUMAN	Q96HC4	PDLI5_HUMAN	PDLIM5	PDZ and LIM domain protein 5		
