Spectrum	Spectrum File	Peptide	Modified Peptide	Extended Peptide	Prev AA	Next AA	Peptide Length	Charge	Retention	Observed Mass	Calibrated Observed Mass	Observed M/Z	Calibrated Observed M/Z	Calculated Peptide Mass	Calculated M/Z	Delta Mass	SpectralSim	RTScore	Expectation	Hyperscore	Nextscore	PeptideProphet Probability	Number of Enzymatic Termini	Number of Missed Cleavages	Protein Start	Protein End	Intensity	Assigned Modifications	Observed Modifications	Purity	Is Unique	Protein	Protein ID	Entry Name	Gene	Protein Description	Mapped Genes	Mapped Proteins
47663_e10670_MB032_Pupae_Thr_tRNA_05.81358.81358.4	C:\Users\tanjag\Desktop\tRNA_mutacije\msf\Pupae_Thr_tRNA_05\interact-47663_e10670_MB032_Pupae_Thr_tRNA_05.pep.xml	VSDTVVEPYNATLSIHQLVENTDETYCIDNEALYDICFRTLK	VSDTVVEPYNAT[87]LSIHQLVENTDETYCIDNEALYDICFRTLK	YSVVPSPK.VSDTVVEPYNATLSIHQLVENTDETYCIDNEALYDICFRTLK.VSNPSYGD	K	V	42	4	6939.729	4934.3457	4934.332	1234.5937	1234.5903	4934.3267	1234.589	0.0053	0.8478	20.1262	0.00011259	24.294	24.294	1.0	2	1	180	221	0.0	12T(-14.0156), 27C(57.0214), 37C(57.0214)		0.0	True	FBpp0310087	FBpp0310087	FBpp0310087		FBpp0310087		
47663_e10670_MB032_Pupae_Thr_tRNA_05.56413.56413.3	C:\Users\tanjag\Desktop\tRNA_mutacije\msf\Pupae_Thr_tRNA_05\interact-47663_e10670_MB032_Pupae_Thr_tRNA_05.pep.xml	GVVPLFGSEDEVTTQGLDDLAARCAQYK	GVVPLFGSEDEVTT[87]QGLDDLAARCAQYK	IIGIKVDK.GVVPLFGSEDEVTTQGLDDLAARCAQYK.KDGCDFAK	K	K	28	3	4934.822	3024.4568	3024.451	1009.1595	1009.1576	3024.4497	1009.1572	0.0012	0.8608	3.5302	0.0	62.942	62.914	1.0	2	1	112	139	0.0	14T(-14.0156), 24C(57.0214)		0.0	True	FBpp0308680	FBpp0308680	FBpp0308680		FBpp0308680		
47663_e10670_MB032_Pupae_Thr_tRNA_05.44776.44776.5	C:\Users\tanjag\Desktop\tRNA_mutacije\msf\Pupae_Thr_tRNA_05\interact-47663_e10670_MB032_Pupae_Thr_tRNA_05.pep.xml	IWHHTFYNELRVAPEEHPVLLTEAPLNPK	IWHHTFYNELRVAPEEHPVLLT[87]EAPLNPK	TNWDDMEK.IWHHTFYNELRVAPEEHPVLLTEAPLNPK.ANREKMTQ	K	A	29	5	4012.2153	3435.776	3435.7705	688.1625	688.1614	3435.7727	688.1618	-0.0022	0.9103	2.1667	0.0	59.048	47.9	1.0	2	1	86	114	0.0	22T(-14.0156)		0.0	False	FBpp0312019	FBpp0312019	FBpp0312019		FBpp0312019		FBpp0311818
47663_e10670_MB032_Pupae_Thr_tRNA_05.44432.44432.2	C:\Users\tanjag\Desktop\tRNA_mutacije\msf\Pupae_Thr_tRNA_05\interact-47663_e10670_MB032_Pupae_Thr_tRNA_05.pep.xml	SFCDNCVEQIITEK	SFCDNCVEQIIT[87]EK	DVKIAGIK.SFCDNCVEQIITEK.RIIDIYNS	K	R	14	2	3984.769	1727.7545	1727.7494	864.8845	864.882	1727.7495	864.882	-0.0001	0.9739	0.2829	3.971915e-07	36.104	9.338	1.0	2	0	3137	3150	0.0	12T(-14.0156), 3C(57.0214), 6C(57.0214)		0.0	False	FBpp0311463	FBpp0311463	FBpp0311463		FBpp0311463		FBpp0311464
47663_e10670_MB032_Pupae_Thr_tRNA_05.54765.54765.5	C:\Users\tanjag\Desktop\tRNA_mutacije\msf\Pupae_Thr_tRNA_05\interact-47663_e10670_MB032_Pupae_Thr_tRNA_05.pep.xml	LYRFIVNEGHHYGHGDESFPGLFMHYDTSMRDPIFYEVYK	LYRFIVNEGHHYGHGDESFPGLFMHYDT[87]SMRDPIFYEVYK	KFYGSIDK.LYRFIVNEGHHYGHGDESFPGLFMHYDTSMRDPIFYEVYK.TIVSHYWH	K	T	40	5	4803.5376	4852.2495	4852.2383	971.4572	971.4549	4852.227	971.4527	0.0112	0.9151	18.7799	0.0	95.562	10.703	1.0	2	2	375	414	0.0	28T(-14.0156)		0.0	True	FBpp0311507	FBpp0311507	FBpp0311507		FBpp0311507		
47663_e10670_MB032_Pupae_Thr_tRNA_05.43620.43620.5	C:\Users\tanjag\Desktop\tRNA_mutacije\msf\Pupae_Thr_tRNA_05\interact-47663_e10670_MB032_Pupae_Thr_tRNA_05.pep.xml	TIVSHYWHLMETYPEYHK	TIVSHYWHLMET[87]YPEYHK	PIFYEVYK.TIVSHYWHLMETYPEYHK.KDYAFEGV	K	K	18	5	3920.5386	2319.0872	2319.0815	464.8247	464.8236	2319.0781	464.8229	0.0034	0.9686	0.6909	1.195363e-05	26.19	16.07	1.0	2	0	415	432	0.0	12T(-14.0156)		0.0	True	FBpp0311507	FBpp0311507	FBpp0311507		FBpp0311507		
47663_e10670_MB032_Pupae_Thr_tRNA_05.43194.43194.2	C:\Users\tanjag\Desktop\tRNA_mutacije\msf\Pupae_Thr_tRNA_05\interact-47663_e10670_MB032_Pupae_Thr_tRNA_05.pep.xml	TITLEVEPSDTIENVK	TIT[87]LEVEPSDTIENVK	FVKTITGK.TITLEVEPSDTIENVK.AKIQDKEG	K	A	16	2	3886.93	1772.9115	1772.9059	887.463	887.4602	1772.9043	887.4594	0.0015	0.994	0.7342	1.094762e-08	41.384	41.347	1.0	2	0	12	27	0.0	3T(-14.0156)		0.0	True	FBpp0311816	FBpp0311816	FBpp0311816		FBpp0311816		
47663_e10670_MB032_Pupae_Thr_tRNA_05.54910.54910.3	C:\Users\tanjag\Desktop\tRNA_mutacije\msf\Pupae_Thr_tRNA_05\interact-47663_e10670_MB032_Pupae_Thr_tRNA_05.pep.xml	SSPSALRETVVEVPNTTWTDIGGLESVK	SSPSALRET[87]VVEVPNTTWTDIGGLESVK	NFRYAMTK.SSPSALRETVVEVPNTTWTDIGGLESVK.KEIQEIVQ	K	K	28	3	4815.05	2958.5056	2958.5032	987.1758	987.175	2957.498	986.8399	1.0051	0.8797	2.8454	4.70302e-09	35.281	33.076	1.0	2	1	481	508	0.0	9T(-14.0156)		0.0	True	FBpp0310395	FBpp0310395	FBpp0310395		FBpp0310395		
47663_e10670_MB032_Pupae_Thr_tRNA_05.55641.55641.3	C:\Users\tanjag\Desktop\tRNA_mutacije\msf\Pupae_Thr_tRNA_05\interact-47663_e10670_MB032_Pupae_Thr_tRNA_05.pep.xml	PSAANTATVTAAIATTVAASASNTNNNSVSK	PSAANTATVTAAIATTVAASASNT[87]NNNSVSK	.PSAANTATVTAAIATTVAASASNTNNNSVSK.EKRSSIIS	M	E	31	3	4873.4976	2890.4397	2890.4304	964.4872	964.4841	2890.4268	964.4829	0.0036	0.6814	13.5291	5.64837e-09	31.108	25.888	1.0	2	0	2	32	0.0	24T(-14.0156)		0.0	True	FBpp0311792	FBpp0311792	FBpp0311792		FBpp0311792		
47663_e10670_MB032_Pupae_Thr_tRNA_05.42767.42767.3	C:\Users\tanjag\Desktop\tRNA_mutacije\msf\Pupae_Thr_tRNA_05\interact-47663_e10670_MB032_Pupae_Thr_tRNA_05.pep.xml	EQVFEQAAQELKPTIPDSK	EQVFEQAAQELKPT[87]IPDSK	IKEQPIIK.EQVFEQAAQELKPTIPDSK.EQKTGRII	K	E	19	3	3852.535	2143.0867	2143.0977	715.3695	715.3732	2143.0796	715.3671	0.018	0.9691	0.1786	3.37607e-09	36.942	10.154	1.0	2	1	307	325	0.0	14T(-14.0156)		0.0	True	FBpp0311791	FBpp0311791	FBpp0311791		FBpp0311791		
47663_e10670_MB032_Pupae_Thr_tRNA_05.42145.42145.2	C:\Users\tanjag\Desktop\tRNA_mutacije\msf\Pupae_Thr_tRNA_05\interact-47663_e10670_MB032_Pupae_Thr_tRNA_05.pep.xml	FILRENIYEFNQETK	FILRENIYEFNQET[87]K	EHWYTEDK.FILRENIYEFNQETK.WISMMKDV	K	W	15	2	3803.3303	1928.9708	1928.9641	965.4927	965.4893	1928.9631	965.4888	0.0009	0.9723	6.1251	7.345142e-08	37.036	8.95	1.0	2	1	243	257	0.0	14T(-14.0156)		0.0	True	FBpp0311765	FBpp0311765	FBpp0311765		FBpp0311765		
47663_e10670_MB032_Pupae_Thr_tRNA_05.40536.40536.3	C:\Users\tanjag\Desktop\tRNA_mutacije\msf\Pupae_Thr_tRNA_05\interact-47663_e10670_MB032_Pupae_Thr_tRNA_05.pep.xml	IGGIGTVPVGRVETGVLK	IGGIGTVPVGRVET[87]GVLK	IPIQDVYK.IGGIGTVPVGRVETGVLK.PGTVVVFA	K	P	18	3	3676.1414	1737.0186	1737.0161	580.0135	580.0126	1737.0148	580.0122	0.0013	0.9881	0.0907	5.15525e-08	39.651	27.064	1.0	2	1	256	273	0.0	14T(-14.0156)		0.0	False	FBpp0311272	FBpp0311272	FBpp0311272		FBpp0311272		FBpp0311273
47663_e10670_MB032_Pupae_Thr_tRNA_05.56441.56441.3	C:\Users\tanjag\Desktop\tRNA_mutacije\msf\Pupae_Thr_tRNA_05\interact-47663_e10670_MB032_Pupae_Thr_tRNA_05.pep.xml	HIFTFDGLNFAYPGNCK	HIFT[87]FDGLNFAYPGNCK	RGHVVDGK.HIFTFDGLNFAYPGNCK.YIIAQDSV	K	Y	17	3	4936.8545	1985.9116	1985.9089	662.9778	662.9769	1985.9093	662.977	-0.0003	0.982	4.1644	4.251087e-08	35.986	5.086	1.0	2	0	2795	2811	0.0	16C(57.0214), 4T(-14.0156)		0.0	False	FBpp0311463	FBpp0311463	FBpp0311463		FBpp0311463		FBpp0311464
47663_e10670_MB032_Pupae_Thr_tRNA_05.33519.33519.3	C:\Users\tanjag\Desktop\tRNA_mutacije\msf\Pupae_Thr_tRNA_05\interact-47663_e10670_MB032_Pupae_Thr_tRNA_05.pep.xml	DVHEIVLVGGSTRIPK	DVHEIVLVGGST[87]RIPK	EDADMNKK.DVHEIVLVGGSTRIPK.VQQIVKDF	K	V	16	3	3119.913	1704.9548	1704.9514	569.3255	569.3244	1704.9521	569.3246	-0.0007	0.9728	1.4381	0.0	39.347	7.534	1.0	2	1	355	370	0.0	12T(-14.0156)		0.0	True	FBpp0311376	FBpp0311376	FBpp0311376		FBpp0311376		
47663_e10670_MB032_Pupae_Thr_tRNA_05.39246.39246.4	C:\Users\tanjag\Desktop\tRNA_mutacije\msf\Pupae_Thr_tRNA_05\interact-47663_e10670_MB032_Pupae_Thr_tRNA_05.pep.xml	YYVTIIDAPGHRDFIK	YYVT[87]IIDAPGHRDFIK	IWKFETAK.YYVTIIDAPGHRDFIK.NMITGTSQ	K	N	16	4	3574.1182	1892.98	1892.9775	474.2523	474.2517	1892.9784	474.2519	-0.0008	0.9635	1.2816	4.1016e-08	29.086	12.862	1.0	2	1	85	100	0.0	4T(-14.0156)		0.0	False	FBpp0311272	FBpp0311272	FBpp0311272		FBpp0311272		FBpp0311273
47663_e10670_MB032_Pupae_Thr_tRNA_05.58589.58589.4	C:\Users\tanjag\Desktop\tRNA_mutacije\msf\Pupae_Thr_tRNA_05\interact-47663_e10670_MB032_Pupae_Thr_tRNA_05.pep.xml	IGGIGTVPVGRVETGVLKPGTVVVFAPANITTEVK	IGGIGTVPVGRVETGVLKPGTVVVFAPANIT[87]TEVK	IPIQDVYK.IGGIGTVPVGRVETGVLKPGTVVVFAPANITTEVK.SVEMHHEA	K	S	35	4	5106.7427	3460.977	3460.9636	866.2515	866.2482	3460.9656	866.2487	-0.0019	0.9263	5.897	9.549916e-07	32.58	32.58	1.0	2	2	256	290	0.0	31T(-14.0156)		0.0	False	FBpp0311272	FBpp0311272	FBpp0311272		FBpp0311272		FBpp0311273
47663_e10670_MB032_Pupae_Thr_tRNA_05.59577.59577.3	C:\Users\tanjag\Desktop\tRNA_mutacije\msf\Pupae_Thr_tRNA_05\interact-47663_e10670_MB032_Pupae_Thr_tRNA_05.pep.xml	GSLEDQVVQTNPVLEAFGNAK	GSLEDQVVQT[87]NPVLEAFGNAK	TDEAAKSK.GSLEDQVVQTNPVLEAFGNAK.TVRNDNSS	K	T	21	3	5185.216	2201.0999	2201.093	734.7072	734.7049	2201.0964	734.7061	-0.0034	0.9804	12.5343	2.16595e-09	31.537	7.533	1.0	2	0	213	233	0.0	10T(-14.0156)		0.0	True	FBpp0312323	FBpp0312323	FBpp0312323		FBpp0312323		
47663_e10670_MB032_Pupae_Thr_tRNA_05.59732.59732.3	C:\Users\tanjag\Desktop\tRNA_mutacije\msf\Pupae_Thr_tRNA_05\interact-47663_e10670_MB032_Pupae_Thr_tRNA_05.pep.xml	TFDYPDDDITRNYIQCIFVK	T[87]FDYPDDDITRNYIQCIFVK	EAIIAKYK.TFDYPDDDITRNYIQCIFVK.FDIFDEAK	K	F	20	3	5197.8037	2508.171	2508.163	837.0643	837.0616	2508.163	837.0616	0.0	0.9612	6.5059	1.018192e-08	32.633	12.494	1.0	2	1	52	71	0.0	16C(57.0214), 1T(-14.0156)		0.0	True	FBpp0308406	FBpp0308406	FBpp0308406		FBpp0308406		
47663_e10670_MB032_Pupae_Thr_tRNA_05.60566.60566.4	C:\Users\tanjag\Desktop\tRNA_mutacije\msf\Pupae_Thr_tRNA_05\interact-47663_e10670_MB032_Pupae_Thr_tRNA_05.pep.xml	AGYVRTENLGGVALFDLSYDDFRGLCTNEK	AGYVRTENLGGVALFDLSYDDFRGLCT[87]NEK	DPDTAADK.AGYVRTENLGGVALFDLSYDDFRGLCTNEK.YPIIRAIK	K	Y	30	4	5263.8467	3365.6226	3365.613	842.4129	842.4105	3365.5986	842.4069	0.0144	0.9299	7.6242	1.1842e-10	35.755	19.008	1.0	2	2	410	439	0.0	26C(57.0214), 27T(-14.0156)		0.0	True	FBpp0309072	FBpp0309072	FBpp0309072		FBpp0309072		
47663_e10670_MB032_Pupae_Thr_tRNA_05.60756.60756.4	C:\Users\tanjag\Desktop\tRNA_mutacije\msf\Pupae_Thr_tRNA_05\interact-47663_e10670_MB032_Pupae_Thr_tRNA_05.pep.xml	VNIRTFKPLDDSTYVVTALFK	VNIRT[87]FKPLDDSTYVVTALFK	FDSVKDIK.VNIRTFKPLDDSTYVVTALFK.QTDKSYGI	K	Q	21	4	5278.8926	2412.3093	2412.308	604.0846	604.0843	2412.3052	604.0836	0.0029	0.8524	0.4822	1.151034e-06	18.662	10.58	1.0	2	2	1832	1852	0.0	5T(-14.0156)		0.0	False	FBpp0311463	FBpp0311463	FBpp0311463		FBpp0311463		FBpp0311464
47663_e10670_MB032_Pupae_Thr_tRNA_05.35860.35860.2	C:\Users\tanjag\Desktop\tRNA_mutacije\msf\Pupae_Thr_tRNA_05\interact-47663_e10670_MB032_Pupae_Thr_tRNA_05.pep.xml	DVSIYHADTMEPYYK	DVSIYHADT[87]MEPYYK	FVPNMYFK.DVSIYHADTMEPYYK.YKSYSNYG	K	Y	15	2	3305.7986	1816.8011	1816.7977	909.4078	909.4061	1816.7977	909.4061	0.0	0.9766	1.0844	5.42e-11	51.564	9.753	1.0	2	0	750	764	0.0	9T(-14.0156)		0.0	True	FBpp0311765	FBpp0311765	FBpp0311765		FBpp0311765		
47663_e10670_MB032_Pupae_Thr_tRNA_05.35738.35738.3	C:\Users\tanjag\Desktop\tRNA_mutacije\msf\Pupae_Thr_tRNA_05\interact-47663_e10670_MB032_Pupae_Thr_tRNA_05.pep.xml	TNGYDYSTMYRSSDYTYMK	TNGYDYST[87]MYRSSDYTYMK	EYMDVYYK.TNGYDYSTMYRSSDYTYMK.DFKTWQWW	K	D	19	3	3296.242	2330.9468	2330.9448	777.9895	777.9889	2330.946	777.9893	-0.0012	0.9707	0.0211	3.745413e-08	38.206	25.668	1.0	2	1	202	220	0.0	8T(-14.0156)		0.0	True	FBpp0311765	FBpp0311765	FBpp0311765		FBpp0311765		
47663_e10670_MB032_Pupae_Thr_tRNA_05.35121.35121.3	C:\Users\tanjag\Desktop\tRNA_mutacije\msf\Pupae_Thr_tRNA_05\interact-47663_e10670_MB032_Pupae_Thr_tRNA_05.pep.xml	TNGYDYSTMYRSSDYTYMK	TNGYDYSTMYRSSDYT[87]YMK	EYMDVYYK.TNGYDYSTMYRSSDYTYMK.DFKTWQWW	K	D	19	3	3247.512	2330.948	2330.9458	777.9899	777.9892	2330.946	777.9893	-0.0002	0.9907	1.8392	6.305947e-08	37.301	22.521	1.0	2	1	202	220	0.0	16T(-14.0156)		0.0	True	FBpp0311765	FBpp0311765	FBpp0311765		FBpp0311765		
47663_e10670_MB032_Pupae_Thr_tRNA_05.35091.35091.4	C:\Users\tanjag\Desktop\tRNA_mutacije\msf\Pupae_Thr_tRNA_05\interact-47663_e10670_MB032_Pupae_Thr_tRNA_05.pep.xml	ANSPGTGSTVRSLIFQRPETYTSK	ANSPGTGSTVRSLIFQRPET[87]YTSK	IKNPSGTK.ANSPGTGSTVRSLIFQRPETYTSK.NINAIKTI	K	N	24	4	3245.103	2582.317	2582.311	646.5865	646.585	2582.3088	646.5845	0.0022	0.9107	4.6042	5.4126e-10	29.859	27.358	1.0	2	2	273	296	0.0	20T(-14.0156)		0.0	False	FBpp0311463	FBpp0311463	FBpp0311463		FBpp0311463		FBpp0311464
47663_e10670_MB032_Pupae_Thr_tRNA_05.61521.61521.2	C:\Users\tanjag\Desktop\tRNA_mutacije\msf\Pupae_Thr_tRNA_05\interact-47663_e10670_MB032_Pupae_Thr_tRNA_05.pep.xml	TIAECLADELINAAK	T[87]IAECLADELINAAK	EAAFRNIK.TIAECLADELINAAK.GSSNSYAI	K	G	15	2	5339.6064	1616.8147	1616.8066	809.4146	809.4106	1616.8079	809.4112	-0.0012	0.9836	13.0856	1.7626e-10	39.544	11.102	1.0	2	0	192	206	0.0	1T(-14.0156), 5C(57.0214)		0.0	False	FBpp0309957	FBpp0309957	FBpp0309957		FBpp0309957		FBpp0309958, FBpp0311353
47663_e10670_MB032_Pupae_Thr_tRNA_05.34526.34526.4	C:\Users\tanjag\Desktop\tRNA_mutacije\msf\Pupae_Thr_tRNA_05\interact-47663_e10670_MB032_Pupae_Thr_tRNA_05.pep.xml	ANSPGTGSTVRSLIFQRPETYTSK	ANSPGTGST[87]VRSLIFQRPETYTSK	IKNPSGTK.ANSPGTGSTVRSLIFQRPETYTSK.NINAIKTI	K	N	24	4	3199.903	2582.313	2582.3071	646.5855	646.5841	2582.3088	646.5845	-0.0017	0.9488	6.1108	1.97353e-09	31.108	31.096	1.0	2	2	273	296	0.0	9T(-14.0156)		0.0	False	FBpp0311463	FBpp0311463	FBpp0311463		FBpp0311463		FBpp0311464
47663_e10670_MB032_Pupae_Thr_tRNA_05.51889.51889.3	C:\Users\tanjag\Desktop\tRNA_mutacije\msf\Pupae_Thr_tRNA_05\interact-47663_e10670_MB032_Pupae_Thr_tRNA_05.pep.xml	RASGDFSFWVNDRTTYLELYQK	RASGDFSFWVNDRT[87]TYLELYQK	EAGVNHIK.RASGDFSFWVNDRTTYLELYQK.LMDATNSD	K	L	22	3	4576.2305	2681.2913	2681.2878	894.771	894.7699	2681.2874	894.7697	0.0004	0.9513	6.5888	0.0	60.262	57.261	1.0	2	2	566	587	0.0	14T(-14.0156)		0.0	True	FBpp0311507	FBpp0311507	FBpp0311507		FBpp0311507		
47663_e10670_MB032_Pupae_Thr_tRNA_05.33999.33999.4	C:\Users\tanjag\Desktop\tRNA_mutacije\msf\Pupae_Thr_tRNA_05\interact-47663_e10670_MB032_Pupae_Thr_tRNA_05.pep.xml	TIVSHYWHLMETYPEYHK	TIVSHYWHLM[147]ET[87]YPEYHK	PIFYEVYK.TIVSHYWHLMETYPEYHK.KDYAFEGV	K	K	18	4	3158.0618	2335.073	2335.0698	584.7755	584.7747	2335.073	584.7755	-0.0031	0.9479	9.9944	1.1492e-10	29.914	12.13	1.0	2	0	415	432	0.0	10M(15.9949), 12T(-14.0156)		0.0	True	FBpp0311507	FBpp0311507	FBpp0311507		FBpp0311507		
47663_e10670_MB032_Pupae_Thr_tRNA_05.45066.45066.3	C:\Users\tanjag\Desktop\tRNA_mutacije\msf\Pupae_Thr_tRNA_05\interact-47663_e10670_MB032_Pupae_Thr_tRNA_05.pep.xml	DLYANTVLSGGTTMYPGIADRMQK	DLYANT[87]VLSGGTTM[147]YPGIADRMQK	KCDVDIRK.DLYANTVLSGGTTMYPGIADRMQK.EITAIAPS	K	E	24	3	4035.1707	2603.2358	2603.2295	868.7525	868.7504	2603.2358	868.7525	-0.0063	0.9822	8.5195	4.6e-13	50.932	36.285	1.0	2	1	293	316	0.0	14M(15.9949), 6T(-14.0156)		0.0	True	FBpp0311818	FBpp0311818	FBpp0311818		FBpp0311818		
47663_e10670_MB032_Pupae_Thr_tRNA_05.45418.45418.4	C:\Users\tanjag\Desktop\tRNA_mutacije\msf\Pupae_Thr_tRNA_05\interact-47663_e10670_MB032_Pupae_Thr_tRNA_05.pep.xml	IWHHTFYNELRVAPEEHPVLLTEAPLNPK	IWHHT[87]FYNELRVAPEEHPVLLTEAPLNPK	TNWDDMEK.IWHHTFYNELRVAPEEHPVLLTEAPLNPK.ANREKMTQ	K	A	29	4	4062.8613	3435.7788	3435.7686	859.952	859.9494	3435.7727	859.9505	-0.0041	0.9492	0.336	4.81947e-09	44.768	22.182	1.0	2	1	86	114	0.0	5T(-14.0156)		0.0	False	FBpp0312019	FBpp0312019	FBpp0312019		FBpp0312019		FBpp0311818
47663_e10670_MB032_Pupae_Thr_tRNA_05.45839.45839.4	C:\Users\tanjag\Desktop\tRNA_mutacije\msf\Pupae_Thr_tRNA_05\interact-47663_e10670_MB032_Pupae_Thr_tRNA_05.pep.xml	TIVSHYWHLMETYPEYHK	T[87]IVSHYWHLMETYPEYHK	PIFYEVYK.TIVSHYWHLMETYPEYHK.KDYAFEGV	K	K	18	4	4096.2886	2319.0823	2319.078	580.7779	580.7768	2319.0781	580.7768	-0.0002	0.9643	5.3153	4.6265e-10	45.839	13.766	1.0	2	0	415	432	0.0	1T(-14.0156)		0.0	True	FBpp0311507	FBpp0311507	FBpp0311507		FBpp0311507		
47663_e10670_MB032_Pupae_Thr_tRNA_05.51636.51636.2	C:\Users\tanjag\Desktop\tRNA_mutacije\msf\Pupae_Thr_tRNA_05\interact-47663_e10670_MB032_Pupae_Thr_tRNA_05.pep.xml	PGTVVVFAPANITTEVK	PGTVVVFAPANITT[87]EVK	RVETGVIK.PGTVVVFAPANITTEVK.SVEMHHEA	K	S	17	2	4556.4097	1727.9504	1727.9474	864.9825	864.981	1727.9457	864.9801	0.0017	0.9744	6.5202	1.3746e-10	45.277	42.597	1.0	2	0	274	290	0.0	14T(-14.0156)		0.0	False	FBpp0311272	FBpp0311272	FBpp0311272		FBpp0311272		FBpp0311273
47663_e10670_MB032_Pupae_Thr_tRNA_05.51610.51610.3	C:\Users\tanjag\Desktop\tRNA_mutacije\msf\Pupae_Thr_tRNA_05\interact-47663_e10670_MB032_Pupae_Thr_tRNA_05.pep.xml	SYSNYGHFDYTFFNDYYTK	SYSNYGHFDYTFFNDYYT[87]K	MEPYYKYK.SYSNYGHFDYTFFNDYYTK.YFKF	K	Y	19	3	4554.2617	2416.9963	2416.9927	806.6727	806.6715	2416.9912	806.671	0.0014	0.97	4.6343	4.197591e-07	33.008	17.687	1.0	2	0	767	785	0.0	18T(-14.0156)		0.0	True	FBpp0311765	FBpp0311765	FBpp0311765		FBpp0311765		
47663_e10670_MB032_Pupae_Thr_tRNA_05.51220.51220.5	C:\Users\tanjag\Desktop\tRNA_mutacije\msf\Pupae_Thr_tRNA_05\interact-47663_e10670_MB032_Pupae_Thr_tRNA_05.pep.xml	RRNEVPPHIFAISDGAYVDMLTNHVNQSMLITGESGAGK	RRNEVPPHIFAISDGAYVDM[147]LT[87]NHVNQSM[147]LITGESGAGK	CAKMYRGK.RRNEVPPHIFAISDGAYVDMLTNHVNQSMLITGESGAGK.TENTKKVI	K	T	39	5	4522.9604	4245.0166	4244.994	850.0106	850.0061	4242.0586	849.419	2.9355	0.8981	0.7135	1.273e-11	29.833	20.559	1.0	2	2	147	185	0.0	20M(15.9949), 22T(-14.0156), 29M(15.9949)		0.0	True	FBpp0312323	FBpp0312323	FBpp0312323		FBpp0312323		
47663_e10670_MB032_Pupae_Thr_tRNA_05.02665.02665.2	C:\Users\tanjag\Desktop\tRNA_mutacije\msf\Pupae_Thr_tRNA_05\interact-47663_e10670_MB032_Pupae_Thr_tRNA_05.pep.xml	AITTTSNTSSSDK	AITT[87]TSNTSSSDK	SIQEQNVK.AITTTSNTSSSDK.KQKKKPKS	K	K	13	2	693.3632	1297.6042	1297.601	649.8094	649.8078	1297.5997	649.8071	0.0012	0.9789	1.6277	1.860452e-06	32.894	31.334	1.0	2	0	214	226	0.0	4T(-14.0156)		0.0	False	FBpp0308239	FBpp0308239	FBpp0308239		FBpp0308239		FBpp0308240
47663_e10670_MB032_Pupae_Thr_tRNA_05.50946.50946.2	C:\Users\tanjag\Desktop\tRNA_mutacije\msf\Pupae_Thr_tRNA_05\interact-47663_e10670_MB032_Pupae_Thr_tRNA_05.pep.xml	PGTVVVFAPANITTEVK	PGT[87]VVVFAPANITTEVK	RVETGVIK.PGTVVVFAPANITTEVK.SVEMHHEA	K	S	17	2	4501.163	1727.948	1727.9467	864.9813	864.9806	1727.9457	864.9801	0.0009	0.9546	3.4588	9.63e-12	42.127	11.992	1.0	2	0	274	290	0.0	3T(-14.0156)		0.0	False	FBpp0311272	FBpp0311272	FBpp0311272		FBpp0311272		FBpp0311273
47663_e10670_MB032_Pupae_Thr_tRNA_05.50862.50862.3	C:\Users\tanjag\Desktop\tRNA_mutacije\msf\Pupae_Thr_tRNA_05\interact-47663_e10670_MB032_Pupae_Thr_tRNA_05.pep.xml	LLTMAGIEDCYTSARGSTGTLGNFAK	LLTMAGIEDCYTSARGSTGT[87]LGNFAK	VSAPVPKK.LLTMAGIEDCYTSARGSTGTLGNFAK.ATYAAIAK	K	A	26	3	4494.307	2719.2993	2719.297	907.4404	907.4396	2719.2944	907.4387	0.0026	0.9317	1.4694	2.658048e-08	38.884	36.394	1.0	2	1	196	221	0.0	10C(57.0214), 20T(-14.0156)		0.0	True	FBpp0311561	FBpp0311561	FBpp0311561		FBpp0311561		
47663_e10670_MB032_Pupae_Thr_tRNA_05.50828.50828.2	C:\Users\tanjag\Desktop\tRNA_mutacije\msf\Pupae_Thr_tRNA_05\interact-47663_e10670_MB032_Pupae_Thr_tRNA_05.pep.xml	PFEFTLDVTSDK	PFEFT[87]LDVTSDK	RQQRINHK.PFEFTLDVTSDK.AQDAVVKV	K	A	12	2	4491.8154	1383.6598	1383.6566	692.8372	692.8356	1383.6558	692.8352	0.0008	0.9499	1.491	2.69154e-09	32.886	28.714	1.0	2	0	506	517	0.0	5T(-14.0156)		0.0	True	FBpp0311507	FBpp0311507	FBpp0311507		FBpp0311507		
47663_e10670_MB032_Pupae_Thr_tRNA_05.52001.52001.2	C:\Users\tanjag\Desktop\tRNA_mutacije\msf\Pupae_Thr_tRNA_05\interact-47663_e10670_MB032_Pupae_Thr_tRNA_05.pep.xml	SYSNYGHFDYTFFNDYYTK	SYSNYGHFDYT[87]FFNDYYTK	MEPYYKYK.SYSNYGHFDYTFFNDYYTK.YFKF	K	Y	19	2	4585.074	2418.0032	2417.9937	1210.0089	1210.0041	2416.9912	1209.5029	1.0024	0.8439	3.0994	2.805433e-05	27.708	16.488	1.0	2	0	767	785	0.0	11T(-14.0156)		0.0	True	FBpp0311765	FBpp0311765	FBpp0311765		FBpp0311765		
47663_e10670_MB032_Pupae_Thr_tRNA_05.50627.50627.3	C:\Users\tanjag\Desktop\tRNA_mutacije\msf\Pupae_Thr_tRNA_05\interact-47663_e10670_MB032_Pupae_Thr_tRNA_05.pep.xml	DLYANTVLSGGTTMYPGIADRMQK	DLYANTVLSGGTT[87]MYPGIADRMQK	KCDVDIRK.DLYANTVLSGGTTMYPGIADRMQK.EITAIAPS	K	E	24	3	4475.8193	2587.2488	2587.2415	863.4235	863.4211	2587.241	863.4209	0.0004	0.8646	0.3096	0.0	41.714	41.687	1.0	2	1	293	316	0.0	13T(-14.0156)		0.0	True	FBpp0311818	FBpp0311818	FBpp0311818		FBpp0311818		
47663_e10670_MB032_Pupae_Thr_tRNA_05.52244.52244.4	C:\Users\tanjag\Desktop\tRNA_mutacije\msf\Pupae_Thr_tRNA_05\interact-47663_e10670_MB032_Pupae_Thr_tRNA_05.pep.xml	FFRSGSPVEYSGGRQAADIIAWVTK	FFRSGSPVEYSGGRQAADIIAWVT[87]K	VRGYPTIK.FFRSGSPVEYSGGRQAADIIAWVTK.KTGPPAKD	K	K	25	4	4604.3687	2727.387	2727.3843	682.854	682.8534	2727.3767	682.8515	0.0075	0.9742	11.6831	2.4e-13	49.938	8.312	1.0	2	2	107	131	0.0	24T(-14.0156)		0.0	True	FBpp0312224	FBpp0312224	FBpp0312224		FBpp0312224		
47663_e10670_MB032_Pupae_Thr_tRNA_05.52696.52696.2	C:\Users\tanjag\Desktop\tRNA_mutacije\msf\Pupae_Thr_tRNA_05\interact-47663_e10670_MB032_Pupae_Thr_tRNA_05.pep.xml	VGDPQEVNSITDFFCK	VGDPQEVNSIT[87]DFFCK	EAHGTGTK.VGDPQEVNSITDFFCK.DRTTPIII	K	D	16	2	4639.8994	1842.8695	1842.8608	922.442	922.4377	1840.8301	921.4223	2.0307	0.8229	2.7439	5.6175e-10	26.994	6.907	1.0	2	0	439	454	0.0	11T(-14.0156), 15C(57.0214)		0.0	True	FBpp0307371	FBpp0307371	FBpp0307371		FBpp0307371		
47663_e10670_MB032_Pupae_Thr_tRNA_05.49935.49935.2	C:\Users\tanjag\Desktop\tRNA_mutacije\msf\Pupae_Thr_tRNA_05\interact-47663_e10670_MB032_Pupae_Thr_tRNA_05.pep.xml	PGTVVVFAPANITTEVK	PGTVVVFAPANIT[87]TEVK	RVETGVIK.PGTVVVFAPANITTEVK.SVEMHHEA	K	S	17	2	4420.928	1727.9502	1727.9465	864.9824	864.9805	1727.9457	864.9801	0.0008	0.968	1.0967	1.4577e-10	47.418	44.747	1.0	2	0	274	290	0.0	13T(-14.0156)		0.0	False	FBpp0311272	FBpp0311272	FBpp0311272		FBpp0311272		FBpp0311273
47663_e10670_MB032_Pupae_Thr_tRNA_05.49928.49928.3	C:\Users\tanjag\Desktop\tRNA_mutacije\msf\Pupae_Thr_tRNA_05\interact-47663_e10670_MB032_Pupae_Thr_tRNA_05.pep.xml	DLYANTVLSGGTTMYPGIADRMQK	DLYANT[87]VLSGGTTMYPGIADRMQK	KCDVDIRK.DLYANTVLSGGTTMYPGIADRMQK.EITAIAPS	K	E	24	3	4420.4194	2587.2505	2587.2427	863.4241	863.4215	2587.241	863.4209	0.0017	0.8709	1.5344	0.0	57.048	42.815	1.0	2	1	293	316	0.0	6T(-14.0156)		0.0	True	FBpp0311818	FBpp0311818	FBpp0311818		FBpp0311818		
47663_e10670_MB032_Pupae_Thr_tRNA_05.49577.49577.3	C:\Users\tanjag\Desktop\tRNA_mutacije\msf\Pupae_Thr_tRNA_05\interact-47663_e10670_MB032_Pupae_Thr_tRNA_05.pep.xml	VEIIANDQGNRTTPSYVAFTDTERLIGDAAK	VEIIANDQGNRTTPSYVAFTDT[87]ERLIGDAAK	VGVFQHGK.VEIIANDQGNRTTPSYVAFTDTERLIGDAAK.NQVAMNPT	K	N	31	3	4392.491	3350.6904	3350.677	1117.9041	1117.8996	3350.674	1117.8986	0.0029	0.8861	5.3601	2.95e-12	47.595	41.9	1.0	2	2	26	56	0.0	22T(-14.0156)		0.0	True	FBpp0307982	FBpp0307982	FBpp0307982		FBpp0307982		
47663_e10670_MB032_Pupae_Thr_tRNA_05.49487.49487.4	C:\Users\tanjag\Desktop\tRNA_mutacije\msf\Pupae_Thr_tRNA_05\interact-47663_e10670_MB032_Pupae_Thr_tRNA_05.pep.xml	GAADFTAQVIVLNHPGQIANGYTPVLDCHTAHIACK	GAADFTAQVIVLNHPGQIANGYTPVLDCHT[87]AHIACK	DSKANPPK.GAADFTAQVIVLNHPGQIANGYTPVLDCHTAHIACK.FAEIKEKV	K	F	36	4	4385.481	3844.886	3844.8762	962.2288	962.2263	3844.8777	962.2267	-0.0014	0.8674	3.6308	1.8564e-08	31.383	17.894	1.0	2	0	336	371	0.0	28C(57.0214), 30T(-14.0156), 35C(57.0214)		0.0	False	FBpp0311272	FBpp0311272	FBpp0311272		FBpp0311272		FBpp0311273
47663_e10670_MB032_Pupae_Thr_tRNA_05.49041.49041.4	C:\Users\tanjag\Desktop\tRNA_mutacije\msf\Pupae_Thr_tRNA_05\interact-47663_e10670_MB032_Pupae_Thr_tRNA_05.pep.xml	GAADFTAQVIVLNHPGQIANGYTPVLDCHTAHIACK	GAADFTAQVIVLNHPGQIANGYT[87]PVLDCHTAHIACK	DSKANPPK.GAADFTAQVIVLNHPGQIANGYTPVLDCHTAHIACK.FAEIKEKV	K	F	36	4	4350.0884	3844.888	3844.878	962.2293	962.2268	3844.8777	962.2267	0.0002	0.9616	3.0858	6.5e-13	58.237	38.321	1.0	2	0	336	371	0.0	23T(-14.0156), 28C(57.0214), 35C(57.0214)		0.0	False	FBpp0311272	FBpp0311272	FBpp0311272		FBpp0311272		FBpp0311273
47663_e10670_MB032_Pupae_Thr_tRNA_05.48558.48558.5	C:\Users\tanjag\Desktop\tRNA_mutacije\msf\Pupae_Thr_tRNA_05\interact-47663_e10670_MB032_Pupae_Thr_tRNA_05.pep.xml	GAADFTAQVIVLNHPGQIANGYTPVLDCHTAHIACK	GAADFT[87]AQVIVLNHPGQIANGYTPVLDCHTAHIACK	DSKANPPK.GAADFTAQVIVLNHPGQIANGYTPVLDCHTAHIACK.FAEIKEKV	K	F	36	5	4311.8745	3844.884	3844.8677	769.9841	769.9808	3844.8777	769.9828	-0.01	0.9221	1.7564	0.0	50.83	23.666	1.0	2	0	336	371	0.0	28C(57.0214), 35C(57.0214), 6T(-14.0156)		0.0	False	FBpp0311272	FBpp0311272	FBpp0311272		FBpp0311272		FBpp0311273
47663_e10670_MB032_Pupae_Thr_tRNA_05.47801.47801.2	C:\Users\tanjag\Desktop\tRNA_mutacije\msf\Pupae_Thr_tRNA_05\interact-47663_e10670_MB032_Pupae_Thr_tRNA_05.pep.xml	NYYEMETYANYDMLDK	NYYEMET[87]YANYDMLDK	GIGYSFRK.NYYEMETYANYDMLDK.ITGFIKRI	K	I	16	2	4252.0205	2047.8182	2047.8168	1024.9164	1024.9157	2047.8179	1024.9162	-0.0011	0.9907	0.451	2.92921e-09	39.633	0.0	1.0	2	0	380	395	0.0	7T(-14.0156)		0.0	True	FBpp0311765	FBpp0311765	FBpp0311765		FBpp0311765		
47663_e10670_MB032_Pupae_Thr_tRNA_05.52804.52804.4	C:\Users\tanjag\Desktop\tRNA_mutacije\msf\Pupae_Thr_tRNA_05\interact-47663_e10670_MB032_Pupae_Thr_tRNA_05.pep.xml	STAGDTHLGGEDFDNRLVTHFVQEFK	STAGDTHLGGEDFDNRLVT[87]HFVQEFK	DDGIFEVK.STAGDTHLGGEDFDNRLVTHFVQEFK.RKHKKDIT	K	R	26	4	4648.435	2905.3706	2905.3577	727.3499	727.3467	2905.363	727.348	-0.0053	0.9092	10.4975	5.97165e-09	31.943	16.196	1.0	2	1	221	246	0.0	19T(-14.0156)		0.0	True	FBpp0307982	FBpp0307982	FBpp0307982		FBpp0307982		
47663_e10670_MB032_Pupae_Thr_tRNA_05.53003.53003.4	C:\Users\tanjag\Desktop\tRNA_mutacije\msf\Pupae_Thr_tRNA_05\interact-47663_e10670_MB032_Pupae_Thr_tRNA_05.pep.xml	VEIIANDQGNRTTPSYVAFTDTERLIGDAAK	VEIIANDQGNRT[87]TPSYVAFTDTERLIGDAAK	VGVFQHGK.VEIIANDQGNRTTPSYVAFTDTERLIGDAAK.NQVAMNPT	K	N	31	4	4663.9766	3350.6836	3350.6724	838.6782	838.6754	3350.674	838.6758	-0.0017	0.7648	3.3059	0.0	44.308	44.308	1.0	2	2	26	56	0.0	12T(-14.0156)		0.0	True	FBpp0307982	FBpp0307982	FBpp0307982		FBpp0307982		
47663_e10670_MB032_Pupae_Thr_tRNA_05.54045.54045.4	C:\Users\tanjag\Desktop\tRNA_mutacije\msf\Pupae_Thr_tRNA_05\interact-47663_e10670_MB032_Pupae_Thr_tRNA_05.pep.xml	VDFGGVNAVDSSAQLLSGVQTVQSVPTSEYYRHEK	VDFGGVNAVDSSAQLLSGVQT[87]VQSVPTSEYYRHEK	DNANAGNK.VDFGGVNAVDSSAQLLSGVQTVQSVPTSEYYRHEK.IVSTPQQV	K	I	35	4	4746.5845	3752.8394	3752.829	939.2171	939.2145	3752.8281	939.2143	0.0009	0.8819	6.3031	0.0	68.856	50.721	1.0	2	1	202	236	0.0	21T(-14.0156)		0.0	True	FBpp0307786	FBpp0307786	FBpp0307786		FBpp0307786		
47663_e10670_MB032_Pupae_Thr_tRNA_05.54712.54712.3	C:\Users\tanjag\Desktop\tRNA_mutacije\msf\Pupae_Thr_tRNA_05\interact-47663_e10670_MB032_Pupae_Thr_tRNA_05.pep.xml	YKPESDDLSAETIEAFLK	YKPESDDLSAET[87]IEAFLK	KIEEDMAK.YKPESDDLSAETIEAFLK.KFIDGKIK	K	K	18	3	4799.4556	2040.9924	2040.992	681.3381	681.3379	2040.989	681.3369	0.0029	0.9813	3.8284	1.465579e-08	35.053	6.86	1.0	2	1	327	344	0.0	12T(-14.0156)		0.0	True	FBpp0312224	FBpp0312224	FBpp0312224		FBpp0312224		
47663_e10670_MB032_Pupae_Thr_tRNA_05.63632.63632.3	C:\Users\tanjag\Desktop\tRNA_mutacije\msf\Pupae_Thr_tRNA_05\interact-47663_e10670_MB032_Pupae_Thr_tRNA_05.pep.xml	FDVETINVLGNIIQGNADSVDKK	FDVET[87]INVLGNIIQGNADSVDKK	DWIHKNEK.FDVETINVLGNIIQGNADSVDKK.FYGSIDKI	K	F	23	3	5507.35	2474.2659	2474.2607	825.7626	825.7608	2474.2651	825.7623	-0.0043	0.9674	1.9317	0.0	58.324	10.556	1.0	2	1	345	367	0.0	5T(-14.0156)		0.0	True	FBpp0311507	FBpp0311507	FBpp0311507		FBpp0311507		
47663_e10670_MB032_Pupae_Thr_tRNA_05.62929.62929.3	C:\Users\tanjag\Desktop\tRNA_mutacije\msf\Pupae_Thr_tRNA_05\interact-47663_e10670_MB032_Pupae_Thr_tRNA_05.pep.xml	TAAIHAEAPEFVQMSVEQEILVTGIK	T[87]AAIHAEAPEFVQMSVEQEILVTGIK	RGPIDTDK.TAAIHAEAPEFVQMSVEQEILVTGIK.VVDIIAPY	K	V	26	3	5451.127	2796.4292	2796.43	933.1503	933.1506	2796.4368	933.1529	-0.0068	0.9214	1.1351	1.3638e-10	34.951	11.047	1.0	2	0	140	165	0.0	1T(-14.0156)		0.0	True	FBpp0311086	FBpp0311086	FBpp0311086		FBpp0311086		
47663_e10670_MB032_Pupae_Thr_tRNA_05.63700.63700.5	C:\Users\tanjag\Desktop\tRNA_mutacije\msf\Pupae_Thr_tRNA_05\interact-47663_e10670_MB032_Pupae_Thr_tRNA_05.pep.xml	SLLPYDQMTMEDYRDAFPDSALDPLNKPTFWPHTPEEQVGYK	SLLPYDQM[147]T[87]MEDYRDAFPDSALDPLNKPTFWPHTPEEQVGYK	QKEIAHIK.SLLPYDQMTMEDYRDAFPDSALDPLNKPTFWPHTPEEQVGYK.SKEQIEAE	K	S	42	5	5512.858	4944.3394	4944.3047	989.8752	989.8682	4943.274	989.6621	1.0307	0.9582	17.1271	8e-13	35.666	35.666	1.0	2	2	124	165	0.0	8M(15.9949), 9T(-14.0156)		0.0	True	FBpp0311983	FBpp0311983	FBpp0311983		FBpp0311983		
47663_e10670_MB032_Pupae_Thr_tRNA_05.16688.16688.3	C:\Users\tanjag\Desktop\tRNA_mutacije\msf\Pupae_Thr_tRNA_05\interact-47663_e10670_MB032_Pupae_Thr_tRNA_05.pep.xml	LLTATESEVATQNRK	LLTAT[87]ESEVATQNRK	TEIEEKEK.LLTATESEVATQNRK.VQQIEEDI	K	V	15	3	1790.6357	1645.8672	1645.863	549.6297	549.6283	1645.8634	549.6284	-0.0003	0.9888	3.7824	1.658779e-06	28.048	22.07	1.0	2	1	77	91	0.0	5T(-14.0156)		0.0	False	FBpp0308613	FBpp0308613	FBpp0308613		FBpp0308613		FBpp0311407
47663_e10670_MB032_Pupae_Thr_tRNA_05.73969.73969.4	C:\Users\tanjag\Desktop\tRNA_mutacije\msf\Pupae_Thr_tRNA_05\interact-47663_e10670_MB032_Pupae_Thr_tRNA_05.pep.xml	VSDTVVEPYNATLSIHQLVENTDETYCIDNEALYDICFRTLK	VSDTVVEPYNATLSIHQLVENT[87]DETYCIDNEALYDICFRTLK	YSVVPSPK.VSDTVVEPYNATLSIHQLVENTDETYCIDNEALYDICFRTLK.VSNPSYGD	K	V	42	4	6328.3994	4935.356	4935.337	1234.8463	1234.8415	4934.3267	1234.589	1.0102	0.8302	2.4871	1.62134e-07	25.678	25.678	1.0	2	1	180	221	0.0	22T(-14.0156), 27C(57.0214), 37C(57.0214)		0.0	True	FBpp0310087	FBpp0310087	FBpp0310087		FBpp0310087		
47663_e10670_MB032_Pupae_Thr_tRNA_05.73883.73883.3	C:\Users\tanjag\Desktop\tRNA_mutacije\msf\Pupae_Thr_tRNA_05\interact-47663_e10670_MB032_Pupae_Thr_tRNA_05.pep.xml	NVEVSDLTTYFDLVDFDVTNMLNDK	NVEVSDLTTYFDLVDFDVT[87]NM[147]LNDK	IMPGVTMK.NVEVSDLTTYFDLVDFDVTNMLNDK.MIFQDGKF	K	M	25	3	6321.6416	2908.3389	2908.3315	970.4536	970.4511	2908.3323	970.4514	-0.0007	0.9409	6.4884	2.062442e-07	29.659	29.594	1.0	2	0	520	544	0.0	19T(-14.0156), 21M(15.9949)		0.0	True	FBpp0311765	FBpp0311765	FBpp0311765		FBpp0311765		
47663_e10670_MB032_Pupae_Thr_tRNA_05.17381.17381.3	C:\Users\tanjag\Desktop\tRNA_mutacije\msf\Pupae_Thr_tRNA_05\interact-47663_e10670_MB032_Pupae_Thr_tRNA_05.pep.xml	LLTATESEVATQNRK	LLT[87]ATESEVATQNRK	TEIEEKEK.LLTATESEVATQNRK.VQQIEEDI	K	V	15	3	1844.8282	1645.8682	1645.8636	549.63	549.6285	1645.8634	549.6284	0.0002	0.9738	2.3326	1.742e-11	31.84	25.84	1.0	2	1	77	91	0.0	3T(-14.0156)		0.0	False	FBpp0308613	FBpp0308613	FBpp0308613		FBpp0308613		FBpp0311407
47663_e10670_MB032_Pupae_Thr_tRNA_05.71096.71096.3	C:\Users\tanjag\Desktop\tRNA_mutacije\msf\Pupae_Thr_tRNA_05\interact-47663_e10670_MB032_Pupae_Thr_tRNA_05.pep.xml	DAGVIAGLQVMRIINEPTAAAIAYGLDK	DAGVIAGLQVMRIINEPT[87]AAAIAYGLDK	DAQRQATK.DAGVIAGLQVMRIINEPTAAAIAYGLDK.KEGEKNVI	K	K	28	3	6099.5166	2855.5278	2855.5244	952.8499	952.8487	2855.5215	952.8478	0.0029	0.9586	17.4046	6.69078e-09	37.574	14.244	1.0	2	1	186	213	0.0	18T(-14.0156)		0.0	True	FBpp0311376	FBpp0311376	FBpp0311376		FBpp0311376		
47663_e10670_MB032_Pupae_Thr_tRNA_05.70709.70709.3	C:\Users\tanjag\Desktop\tRNA_mutacije\msf\Pupae_Thr_tRNA_05\interact-47663_e10670_MB032_Pupae_Thr_tRNA_05.pep.xml	IGYNPAAVAFVPISGWHGDNMLEPSTNMPWFK	IGYNPAAVAFVPISGWHGDNMLEPST[87]NMPWFK	EVSSYIKK.IGYNPAAVAFVPISGWHGDNMLEPSTNMPWFK.GWKVERKE	K	G	32	3	6068.6753	3531.6833	3531.676	1178.235	1178.2326	3531.6743	1178.232	0.0017	0.872	0.4854	0.0	49.095	9.856	1.0	2	0	181	212	0.0	26T(-14.0156)		0.0	False	FBpp0311272	FBpp0311272	FBpp0311272		FBpp0311272		FBpp0311273
47663_e10670_MB032_Pupae_Thr_tRNA_05.69569.69569.3	C:\Users\tanjag\Desktop\tRNA_mutacije\msf\Pupae_Thr_tRNA_05\interact-47663_e10670_MB032_Pupae_Thr_tRNA_05.pep.xml	FNVLSQGSTNFAYTSPWSASILDLSGK	FNVLSQGST[87]NFAYTSPWSASILDLSGK	IANQIKQK.FNVLSQGSTNFAYTSPWSASILDLSGK.STIQIDQI	K	S	27	3	5978.783	2875.406	2875.4006	959.4759	959.4741	2875.4028	959.4749	-0.0022	0.9744	2.0054	0.0	47.566	46.941	1.0	2	0	66	92	0.0	9T(-14.0156)		0.0	True	FBpp0309850	FBpp0309850	FBpp0309850		FBpp0309850		
47663_e10670_MB032_Pupae_Thr_tRNA_05.69304.69304.4	C:\Users\tanjag\Desktop\tRNA_mutacije\msf\Pupae_Thr_tRNA_05\interact-47663_e10670_MB032_Pupae_Thr_tRNA_05.pep.xml	LDAVEHTTLIIVDLRDFGYPYEFELK	LDAVEHT[87]TLIIVDLRDFGYPYEFELK	IVSIDEQK.LDAVEHTTLIIVDLRDFGYPYEFELK.SQNTRQGI	K	S	26	4	5957.766	3081.5725	3081.5696	771.4004	771.3997	3081.5698	771.3997	-0.0002	0.9317	10.4779	1.121801e-07	32.623	30.781	1.0	2	1	2070	2095	0.0	7T(-14.0156)		0.0	False	FBpp0311463	FBpp0311463	FBpp0311463		FBpp0311463		FBpp0311464
47663_e10670_MB032_Pupae_Thr_tRNA_05.74670.74670.4	C:\Users\tanjag\Desktop\tRNA_mutacije\msf\Pupae_Thr_tRNA_05\interact-47663_e10670_MB032_Pupae_Thr_tRNA_05.pep.xml	ELGTVMRSLGQNPTEAELQDMINEVDADGNGTIDFPEFLTMMARK	ELGTVMRSLGQNPT[87]EAELQDM[147]INEVDADGNGTIDFPEFLTMMARK	GDGTITTK.ELGTVMRSLGQNPTEAELQDMINEVDADGNGTIDFPEFLTMMARK.MKDTDSEE	K	M	45	4	6384.08	4987.3594	4987.3384	1247.8471	1247.8419	4985.3193	1247.3371	2.019	0.8648	33.4057	3.392653e-07	37.941	37.125	1.0	2	2	32	76	0.0	14T(-14.0156), 21M(15.9949)		0.0	True	FBpp0311269	FBpp0311269	FBpp0311269		FBpp0311269		
47663_e10670_MB032_Pupae_Thr_tRNA_05.68398.68398.3	C:\Users\tanjag\Desktop\tRNA_mutacije\msf\Pupae_Thr_tRNA_05\interact-47663_e10670_MB032_Pupae_Thr_tRNA_05.pep.xml	FDVETINVLGNIIQGNADSVDK	FDVET[87]INVLGNIIQGNADSVDK	DWIHKNEK.FDVETINVLGNIIQGNADSVDK.KFYGSIDK	K	K	22	3	5886.0127	2346.1765	2346.1694	783.0661	783.0637	2346.1702	783.064	-0.0007	0.9365	3.9107	0.0	59.123	6.604	1.0	2	0	345	366	0.0	5T(-14.0156)		0.0	True	FBpp0311507	FBpp0311507	FBpp0311507		FBpp0311507		
47663_e10670_MB032_Pupae_Thr_tRNA_05.78489.78489.3	C:\Users\tanjag\Desktop\tRNA_mutacije\msf\Pupae_Thr_tRNA_05\interact-47663_e10670_MB032_Pupae_Thr_tRNA_05.pep.xml	SDQSAGVSLIATIANILGLRDTK	SDQSAGVSLIATIANILGLRDT[87]K	MVVAEKRK.SDQSAGVSLIATIANILGLRDTK.NIQDGASI	K	N	23	3	6688.92	2328.272	2328.2646	777.0979	777.0955	2328.265	777.0956	-0.0002	0.9509	5.622	8.3e-13	48.253	24.053	1.0	2	1	2146	2168	0.0	22T(-14.0156)		0.0	True	FBpp0307371	FBpp0307371	FBpp0307371		FBpp0307371		
47663_e10670_MB032_Pupae_Thr_tRNA_05.78438.78438.2	C:\Users\tanjag\Desktop\tRNA_mutacije\msf\Pupae_Thr_tRNA_05\interact-47663_e10670_MB032_Pupae_Thr_tRNA_05.pep.xml	NVEVSDLTTYFDLVDFDVTNMLNDK	NVEVSDLTTYFDLVDFDVT[87]NMLNDK	IMPGVTMK.NVEVSDLTTYFDLVDFDVTNMLNDK.MIFQDGKF	K	M	25	2	6684.957	2892.3499	2892.338	1447.1822	1447.1763	2892.3374	1447.176	0.0004	0.9823	3.9366	2.6776e-10	47.789	41.922	1.0	2	0	520	544	0.0	19T(-14.0156)		0.0	True	FBpp0311765	FBpp0311765	FBpp0311765		FBpp0311765		
47663_e10670_MB032_Pupae_Thr_tRNA_05.78419.78419.3	C:\Users\tanjag\Desktop\tRNA_mutacije\msf\Pupae_Thr_tRNA_05\interact-47663_e10670_MB032_Pupae_Thr_tRNA_05.pep.xml	NVEVSDLTTYFDLVDFDVTNMLNDK	NVEVSDLT[87]TYFDLVDFDVTNMLNDK	IMPGVTMK.NVEVSDLTTYFDLVDFDVTNMLNDK.MIFQDGKF	K	M	25	3	6683.3154	2892.35	2892.333	965.1239	965.1183	2892.3374	965.1197	-0.0043	0.9836	3.9751	0.0	57.083	57.082	1.0	2	0	520	544	0.0	8T(-14.0156)		0.0	True	FBpp0311765	FBpp0311765	FBpp0311765		FBpp0311765		
47663_e10670_MB032_Pupae_Thr_tRNA_05.78218.78218.5	C:\Users\tanjag\Desktop\tRNA_mutacije\msf\Pupae_Thr_tRNA_05\interact-47663_e10670_MB032_Pupae_Thr_tRNA_05.pep.xml	TGVMFMAMCPGLTNSEMIMNLRDNVTWHHSESMVEAIESAK	TGVMFMAMCPGLT[87]NSEM[147]IM[147]NLRDNVTWHHSESMVEAIESAK	GDKMIYQK.TGVMFMAMCPGLTNSEMIMNLRDNVTWHHSESMVEAIESAK.RQMPEEAA	K	R	41	5	6667.407	4673.0796	4673.0474	935.6232	935.6168	4672.066	935.4205	0.9814	0.907	26.1325	2.361838e-05	28.007	28.007	1.0	2	1	174	214	0.0	13T(-14.0156), 17M(15.9949), 19M(15.9949), 9C(57.0214)		0.0	False	FBpp0310073	FBpp0310073	FBpp0310073		FBpp0310073		FBpp0310074
47663_e10670_MB032_Pupae_Thr_tRNA_05.78053.78053.3	C:\Users\tanjag\Desktop\tRNA_mutacije\msf\Pupae_Thr_tRNA_05\interact-47663_e10670_MB032_Pupae_Thr_tRNA_05.pep.xml	SIDIPWTTSDVTPLVEIYRQVMLQLK	SIDIPWT[87]TSDVTPLVEIYRQVMLQLK	GRNRIHRR.SIDIPWTTSDVTPLVEIYRQVMLQLK.GQQAQQVV	R	G	26	3	6654.359	3030.611	3030.615	1011.2109	1011.2123	3030.6099	1011.2106	0.0051	0.9095	1.8058	2.88159e-09	30.623	30.623	1.0	2	1	899	924	0.0	7T(-14.0156)		0.0	True	FBpp0308598	FBpp0308598	FBpp0308598		FBpp0308598		
47663_e10670_MB032_Pupae_Thr_tRNA_05.77779.77779.5	C:\Users\tanjag\Desktop\tRNA_mutacije\msf\Pupae_Thr_tRNA_05\interact-47663_e10670_MB032_Pupae_Thr_tRNA_05.pep.xml	TGVMFMAMCPGLTNSEMIMNLRDNVTWHHSESMVEAIESAK	TGVMFMAMCPGLTNSEM[147]IM[147]NLRDNVT[87]WHHSESMVEAIESAK	GDKMIYQK.TGVMFMAMCPGLTNSEMIMNLRDNVTWHHSESMVEAIESAK.RQMPEEAA	K	R	41	5	6632.34	4673.093	4673.0483	935.6259	935.6169	4672.066	935.4205	0.9824	0.8538	25.3155	2.070141e-06	31.236	26.591	1.0	2	1	174	214	0.0	17M(15.9949), 19M(15.9949), 26T(-14.0156), 9C(57.0214)		0.0	False	FBpp0310073	FBpp0310073	FBpp0310073		FBpp0310073		FBpp0310074
47663_e10670_MB032_Pupae_Thr_tRNA_05.76533.76533.3	C:\Users\tanjag\Desktop\tRNA_mutacije\msf\Pupae_Thr_tRNA_05\interact-47663_e10670_MB032_Pupae_Thr_tRNA_05.pep.xml	SDQSAGVSLIATIANILGLRDTK	SDQSAGVSLIAT[87]IANILGLRDTK	MVVAEKRK.SDQSAGVSLIATIANILGLRDTK.NIQDGASI	K	N	23	3	6533.1714	2328.2708	2328.266	777.0975	777.0959	2328.265	777.0956	0.0012	0.9821	1.9467	1.50401e-09	46.791	26.257	1.0	2	1	2146	2168	0.0	12T(-14.0156)		0.0	True	FBpp0307371	FBpp0307371	FBpp0307371		FBpp0307371		
47663_e10670_MB032_Pupae_Thr_tRNA_05.32429.32429.2	C:\Users\tanjag\Desktop\tRNA_mutacije\msf\Pupae_Thr_tRNA_05\interact-47663_e10670_MB032_Pupae_Thr_tRNA_05.pep.xml	NQLTTNPENTVFDAK	NQLTT[87]NPENTVFDAK	RIIGDAAK.NQLTTNPENTVFDAK.RIIGREWS	K	R	15	2	3033.886	1676.8046	1676.7986	839.4096	839.4066	1676.8005	839.4075	-0.0019	0.9755	2.9207	9e-13	38.036	36.376	1.0	2	0	83	97	0.0	5T(-14.0156)		0.0	True	FBpp0311376	FBpp0311376	FBpp0311376		FBpp0311376		
47663_e10670_MB032_Pupae_Thr_tRNA_05.27395.27395.2	C:\Users\tanjag\Desktop\tRNA_mutacije\msf\Pupae_Thr_tRNA_05\interact-47663_e10670_MB032_Pupae_Thr_tRNA_05.pep.xml	GILAADESGPTMGK	GILAADESGPT[87]MGK	QKIVAPGK.GILAADESGPTMGK.RIQDIGVE	K	R	14	2	2634.868	1331.6418	1331.6388	666.8282	666.8267	1331.639	666.8268	-0.0002	0.9869	0.2379	4.078052e-06	31.368	8.788	1.0	2	0	29	42	0.0	11T(-14.0156)		0.0	True	FBpp0308680	FBpp0308680	FBpp0308680		FBpp0308680		
47663_e10670_MB032_Pupae_Thr_tRNA_05.31637.31637.3	C:\Users\tanjag\Desktop\tRNA_mutacije\msf\Pupae_Thr_tRNA_05\interact-47663_e10670_MB032_Pupae_Thr_tRNA_05.pep.xml	FIYGGCGGNENRFGTQELCEQK	FIYGGCGGNENRFGT[87]QELCEQK	PETNSCEK.FIYGGCGGNENRFGTQELCEQK.CKE	K	C	22	3	2971.1165	2549.1084	2549.1064	850.7101	850.7094	2549.1062	850.7093	0.0002	0.9958	3.2007	8.69e-12	51.743	5.394	1.0	2	1	58	79	0.0	15T(-14.0156), 19C(57.0214), 6C(57.0214)		0.0	True	FBpp0311679	FBpp0311679	FBpp0311679		FBpp0311679		
47663_e10670_MB032_Pupae_Thr_tRNA_05.63827.63827.2	C:\Users\tanjag\Desktop\tRNA_mutacije\msf\Pupae_Thr_tRNA_05\interact-47663_e10670_MB032_Pupae_Thr_tRNA_05.pep.xml	MLNQITSSLADTLFK	MLNQITSSLADT[87]LFK	IKASDQKK.MLNQITSSLADTLFK.TEIVSDCR	K	T	15	2	5523.149	1666.8657	1666.8615	834.4401	834.438	1666.86	834.4373	0.0014	0.9925	2.2252	2.3292e-07	33.914	19.438	1.0	2	0	3300	3314	0.0	12T(-14.0156)		0.0	False	FBpp0311463	FBpp0311463	FBpp0311463		FBpp0311463		FBpp0311464
47663_e10670_MB032_Pupae_Thr_tRNA_05.64762.64762.5	C:\Users\tanjag\Desktop\tRNA_mutacije\msf\Pupae_Thr_tRNA_05\interact-47663_e10670_MB032_Pupae_Thr_tRNA_05.pep.xml	TGVMFMAMCPGLTNSEMIMNLRDNVTWHHSESMVEAIESAK	TGVMFMAMCPGLT[87]NSEM[147]IMNLRDNVTWHHSESMVEAIESAK	GDKMIYQK.TGVMFMAMCPGLTNSEMIMNLRDNVTWHHSESMVEAIESAK.RQMPEEAA	K	R	41	5	5597.3066	4659.045	4659.0337	932.8163	932.814	4656.0713	932.2215	2.9624	0.9546	29.4854	6.03949e-09	41.376	38.785	1.0	2	1	174	214	0.0	13T(-14.0156), 17M(15.9949), 9C(57.0214)		0.0	False	FBpp0310073	FBpp0310073	FBpp0310073		FBpp0310073		FBpp0310074
47663_e10670_MB032_Pupae_Thr_tRNA_05.65202.65202.3	C:\Users\tanjag\Desktop\tRNA_mutacije\msf\Pupae_Thr_tRNA_05\interact-47663_e10670_MB032_Pupae_Thr_tRNA_05.pep.xml	TLIDALDAILPPARPTDK	TLIDALDAILPPARPT[87]DK	KEGNADGK.TLIDALDAILPPARPTDK.AIRIPIQD	K	A	18	3	5632.2036	1905.0596	1905.0546	636.0271	636.0255	1905.057	636.0263	-0.0024	0.9677	3.8658	5.00174e-09	39.269	12.942	1.0	2	1	227	244	0.0	16T(-14.0156)		0.0	False	FBpp0311272	FBpp0311272	FBpp0311272		FBpp0311272		FBpp0311273
47663_e10670_MB032_Pupae_Thr_tRNA_05.66740.66740.3	C:\Users\tanjag\Desktop\tRNA_mutacije\msf\Pupae_Thr_tRNA_05\interact-47663_e10670_MB032_Pupae_Thr_tRNA_05.pep.xml	DRTTYTELYYYTMMAFDGK	DRT[87]TYTELYYYTMMAFDGK	SEFYWTVK.DRTTYTELYYYTMMAFDGK.YDFPIDIS	K	Y	19	3	5754.13	2354.0298	2354.0225	785.6839	785.6814	2354.0234	785.6817	-0.0009	0.9797	2.288	1.209902e-07	37.169	37.169	1.0	2	1	640	658	0.0	3T(-14.0156)		0.0	True	FBpp0311765	FBpp0311765	FBpp0311765		FBpp0311765		
47663_e10670_MB032_Pupae_Thr_tRNA_05.51883.51883.4	C:\Users\tanjag\Desktop\tRNA_mutacije\msf\Pupae_Thr_tRNA_05\interact-47663_e10670_MB032_Pupae_Thr_tRNA_05.pep.xml	VEIIANDQGNRTTPSYVAFTDTERLIGDAAK	VEIIANDQGNRTTPSYVAFT[87]DTERLIGDAAK	VGVFQHGK.VEIIANDQGNRTTPSYVAFTDTERLIGDAAK.NQVAMNPT	K	N	31	4	4575.798	3350.682	3350.6748	838.6778	838.676	3350.674	838.6758	0.0007	0.8813	1.3774	3.12e-12	51.606	45.707	1.0	2	2	26	56	0.0	20T(-14.0156)		0.0	True	FBpp0307982	FBpp0307982	FBpp0307982		FBpp0307982		
47663_e10670_MB032_Pupae_Thr_tRNA_05.67054.67054.3	C:\Users\tanjag\Desktop\tRNA_mutacije\msf\Pupae_Thr_tRNA_05\interact-47663_e10670_MB032_Pupae_Thr_tRNA_05.pep.xml	ITPTLQELGIPTIEELGYDKPELALK	ITPT[87]LQELGIPTIEELGYDKPELALK	IYPYIIEK.ITPTLQELGIPTIEELGYDKPELALK.SVYDA	K	S	26	3	5778.9805	2866.5605	2866.5564	956.5274	956.5261	2866.5579	956.5266	-0.0014	0.8992	3.0076	1.9561e-10	33.386	33.166	1.0	2	1	119	144	0.0	4T(-14.0156)		0.0	False	FBpp0306911	FBpp0306911	FBpp0306911		FBpp0306911		FBpp0312586
47663_e10670_MB032_Pupae_Thr_tRNA_05.67513.67513.5	C:\Users\tanjag\Desktop\tRNA_mutacije\msf\Pupae_Thr_tRNA_05\interact-47663_e10670_MB032_Pupae_Thr_tRNA_05.pep.xml	FVEFIRLLRQSDSETLLELAAFPHPNK	FVEFIRLLRQSDSET[87]LLELAAFPHPNK	VKKETAKK.FVEFIRLLRQSDSETLLELAAFPHPNK.VIARKVYI	K	V	27	5	5815.3965	3155.6882	3155.6836	632.1449	632.144	3155.6765	632.1426	0.007	0.9516	14.5091	3.812854e-06	30.175	7.174	1.0	2	2	324	350	0.0	15T(-14.0156)		0.0	False	FBpp0311463	FBpp0311463	FBpp0311463		FBpp0311463		FBpp0311464
47663_e10670_MB032_Pupae_Thr_tRNA_05.67653.67653.4	C:\Users\tanjag\Desktop\tRNA_mutacije\msf\Pupae_Thr_tRNA_05\interact-47663_e10670_MB032_Pupae_Thr_tRNA_05.pep.xml	VSNPSYGDLNHLVSLTMSGVTTCLRFPGQLNADLRK	VSNPSYGDLNHLVSLT[87]MSGVTTCLRFPGQLNADLRK	DICFRTIK.VSNPSYGDLNHLVSLTMSGVTTCLRFPGQLNADLRK.LAVNMVPF	K	L	36	4	5826.277	3947.0088	3947.0015	987.7595	987.7577	3945.983	987.503	1.0185	0.8922	14.9202	4.075e-11	48.434	33.684	1.0	2	2	222	257	0.0	16T(-14.0156), 23C(57.0214)		0.0	True	FBpp0310087	FBpp0310087	FBpp0310087		FBpp0310087		
47663_e10670_MB032_Pupae_Thr_tRNA_05.67635.67635.3	C:\Users\tanjag\Desktop\tRNA_mutacije\msf\Pupae_Thr_tRNA_05\interact-47663_e10670_MB032_Pupae_Thr_tRNA_05.pep.xml	TLIDALDAILPPARPTDK	T[87]LIDALDAILPPARPTDK	KEGNADGK.TLIDALDAILPPARPTDK.AIRIPIQD	K	A	18	3	5824.9697	1905.0608	1905.0574	636.0275	636.0264	1905.057	636.0263	0.0003	0.9731	11.0776	5.770734e-07	39.53	12.695	1.0	2	1	227	244	0.0	1T(-14.0156)		0.0	False	FBpp0311272	FBpp0311272	FBpp0311272		FBpp0311272		FBpp0311273
47663_e10670_MB032_Pupae_Thr_tRNA_05.35440.35440.2	C:\Users\tanjag\Desktop\tRNA_mutacije\msf\Pupae_Thr_tRNA_05\interact-47663_e10670_MB032_Pupae_Thr_tRNA_05.pep.xml	PFTYTYTIESEK	PFTYTYT[87]IESEK	RQMRINHK.PFTYTYTIESEK.VEKVVIRA	K	V	12	2	3272.7856	1463.6852	1463.681	732.8499	732.8478	1463.682	732.8483	-0.0009	0.992	5.9481	4.298e-11	34.475	27.755	0.9999	2	0	569	580	0.0	7T(-14.0156)		0.0	True	FBpp0311765	FBpp0311765	FBpp0311765		FBpp0311765		
47663_e10670_MB032_Pupae_Thr_tRNA_05.34040.34040.3	C:\Users\tanjag\Desktop\tRNA_mutacije\msf\Pupae_Thr_tRNA_05\interact-47663_e10670_MB032_Pupae_Thr_tRNA_05.pep.xml	ALSDHHVYLEGTLLK	ALSDHHVYLEGT[87]LLK	TVIAAVYK.ALSDHHVYLEGTLLK.PNMVTAGQ	K	P	15	3	3161.2852	1680.8899	1680.8794	561.3039	561.3004	1680.8834	561.3017	-0.004	0.9075	0.4996	4.95764e-09	26.958	9.902	0.9999	2	0	216	230	0.0	12T(-14.0156)		0.0	True	FBpp0308680	FBpp0308680	FBpp0308680		FBpp0308680		
47663_e10670_MB032_Pupae_Thr_tRNA_05.63136.63136.3	C:\Users\tanjag\Desktop\tRNA_mutacije\msf\Pupae_Thr_tRNA_05\interact-47663_e10670_MB032_Pupae_Thr_tRNA_05.pep.xml	QIGNAVLESPLTTYAAERIDGAFTVGDK	QIGNAVLESPLTT[87]YAAERIDGAFT[87]VGDK	IKRADSVK.QIGNAVLESPLTTYAAERIDGAFTVGDK.FVDKYIVP	K	F	28	3	5467.6714	2907.4648	2907.4592	970.1622	970.1603	2907.4614	970.1611	-0.0022	0.9008	1.4803	5.33822e-08	25.139	22.844	0.9999	2	1	127	154	0.0	13T(-14.0156), 24T(-14.0156)		0.0	True	FBpp0307010	FBpp0307010	FBpp0307010		FBpp0307010		
47663_e10670_MB032_Pupae_Thr_tRNA_05.44561.44561.3	C:\Users\tanjag\Desktop\tRNA_mutacije\msf\Pupae_Thr_tRNA_05\interact-47663_e10670_MB032_Pupae_Thr_tRNA_05.pep.xml	LEQTLDELEDSLEREK	LEQT[87]LDELEDSLEREK	HINKVKAK.LEQTLDELEDSLEREK.KVRGDVEK	K	K	16	3	3995.1177	1931.9387	1931.9348	644.9868	644.9855	1931.9323	644.9847	0.0025	0.9546	10.9955	4.08063e-09	27.634	8.97	0.9999	2	1	1026	1041	0.0	4T(-14.0156)		0.0	True	FBpp0312323	FBpp0312323	FBpp0312323		FBpp0312323		
47663_e10670_MB032_Pupae_Thr_tRNA_05.14802.14802.3	C:\Users\tanjag\Desktop\tRNA_mutacije\msf\Pupae_Thr_tRNA_05\interact-47663_e10670_MB032_Pupae_Thr_tRNA_05.pep.xml	TNVTLVKPTDNSAK	TNVT[87]LVKPTDNSAK	YQPTIKIK.TNVTLVKPTDNSAK.LDEDYRIK	K	L	14	3	1642.1759	1472.789	1472.784	491.9369	491.9353	1472.7834	491.9351	0.0006	0.9588	0.3994	2.140082e-06	30.357	20.306	0.9999	2	1	2481	2494	0.0	4T(-14.0156)		0.0	True	FBpp0307371	FBpp0307371	FBpp0307371		FBpp0307371		
47663_e10670_MB032_Pupae_Thr_tRNA_05.76563.76563.3	C:\Users\tanjag\Desktop\tRNA_mutacije\msf\Pupae_Thr_tRNA_05\interact-47663_e10670_MB032_Pupae_Thr_tRNA_05.pep.xml	DVETTMGMNLTGMIQSTMMAMPYMDK	DVET[87]TMGMNLTGMIQSTMMAMPYMDK	GEGVIIDK.DVETTMGMNLTGMIQSTMMAMPYMDK.TQMGMGGM	K	T	26	3	6535.348	2912.2312	2912.2222	971.751	971.748	2912.2268	971.7495	-0.0046	0.9275	0.3974	0.0002697741	22.776	22.776	0.9999	2	0	99	124	0.0	4T(-14.0156)		0.0	False	FBpp0310073	FBpp0310073	FBpp0310073		FBpp0310073		FBpp0310074
47663_e10670_MB032_Pupae_Thr_tRNA_05.50290.50290.3	C:\Users\tanjag\Desktop\tRNA_mutacije\msf\Pupae_Thr_tRNA_05\interact-47663_e10670_MB032_Pupae_Thr_tRNA_05.pep.xml	FYMPVDYTRDLNLYNK	FYMPVDYT[87]RDLNLYNK	SMMKDVKK.FYMPVDYTRDLNLYNK.ESKISYFT	K	E	16	3	4449.139	2036.9678	2036.967	679.9965	679.9963	2036.9666	679.9961	0.0004	0.9742	4.4643	1.416641e-07	32.237	15.546	0.9999	2	1	268	283	0.0	8T(-14.0156)		0.0	True	FBpp0311765	FBpp0311765	FBpp0311765		FBpp0311765		
47663_e10670_MB032_Pupae_Thr_tRNA_05.50182.50182.3	C:\Users\tanjag\Desktop\tRNA_mutacije\msf\Pupae_Thr_tRNA_05\interact-47663_e10670_MB032_Pupae_Thr_tRNA_05.pep.xml	FACFERTLELLYK	FACFERT[87]LELLYK	QIPYTMMK.FACFERTLELLYK.YVVPKPRA	K	Y	13	3	4440.574	1674.8496	1674.8445	559.2905	559.2888	1674.8439	559.2886	0.0006	0.985	16.7746	1.985749e-08	33.572	9.785	0.9999	2	1	245	257	0.0	3C(57.0214), 7T(-14.0156)		0.0	False	FBpp0309579	FBpp0309579	FBpp0309579		FBpp0309579		FBpp0309580
47663_e10670_MB032_Pupae_Thr_tRNA_05.67509.67509.4	C:\Users\tanjag\Desktop\tRNA_mutacije\msf\Pupae_Thr_tRNA_05\interact-47663_e10670_MB032_Pupae_Thr_tRNA_05.pep.xml	SGPLLAHIPLNRFCEVQEVVDATGYLLSSK	SGPLLAHIPLNRFCEVQEVVDAT[87]GYLLSSK	DNWSDPAK.SGPLLAHIPLNRFCEVQEVVDATGYLLSSK.SSFVNGHH	K	S	30	4	5815.102	3300.8088	3300.7732	826.2095	826.2006	3298.702	825.6828	2.0712	0.9548	12.9848	6.988895e-06	26.901	10.482	0.9999	2	1	195	224	0.0	14C(57.0214), 23T(-14.0156)		0.0	True	FBpp0311891	FBpp0311891	FBpp0311891		FBpp0311891		
47663_e10670_MB032_Pupae_Thr_tRNA_05.21366.21366.4	C:\Users\tanjag\Desktop\tRNA_mutacije\msf\Pupae_Thr_tRNA_05\interact-47663_e10670_MB032_Pupae_Thr_tRNA_05.pep.xml	VSHDTTVVYELGNKPK	VSHDTT[87]VVYELGNKPK	DYSTPGSK.VSHDTTVVYELGNKPK.TFSRISFD	K	T	16	4	2158.411	1771.9126	1771.9061	443.9854	443.9838	1771.9104	443.9849	-0.0042	0.9687	1.0645	4.394154e-06	28.423	26.695	0.9999	2	1	1021	1036	0.0	6T(-14.0156)		0.0	False	FBpp0311463	FBpp0311463	FBpp0311463		FBpp0311463		FBpp0311464
47663_e10670_MB032_Pupae_Thr_tRNA_05.38352.38352.2	C:\Users\tanjag\Desktop\tRNA_mutacije\msf\Pupae_Thr_tRNA_05\interact-47663_e10670_MB032_Pupae_Thr_tRNA_05.pep.xml	VSSTLSGLEGELK	VSST[87]LSGLEGELK	QYKEMESK.VSSTLSGLEGELK.GKFYPITG	K	G	13	2	3502.8518	1304.6863	1304.6729	653.3504	653.3437	1304.6823	653.3484	-0.0094	0.9869	0.5825	5.012993e-07	32.166	12.098	0.9999	2	0	152	164	0.0	4T(-14.0156)		0.0	True	FBpp0311280	FBpp0311280	FBpp0311280		FBpp0311280		
47663_e10670_MB032_Pupae_Thr_tRNA_05.56885.56885.3	C:\Users\tanjag\Desktop\tRNA_mutacije\msf\Pupae_Thr_tRNA_05\interact-47663_e10670_MB032_Pupae_Thr_tRNA_05.pep.xml	VIDFNLDRTLDDFVK	VIDFNLDRT[87]LDDFVK	YFRKEDNK.VIDFNLDRTLDDFVK.FIDANGEV	K	F	15	3	4971.844	1794.9225	1794.917	599.3148	599.3129	1794.9152	599.3123	0.0018	0.9814	6.5307	3.008462e-08	31.589	15.58	0.9999	2	1	453	467	0.0	9T(-14.0156)		0.0	True	FBpp0312224	FBpp0312224	FBpp0312224		FBpp0312224		
47663_e10670_MB032_Pupae_Thr_tRNA_05.62371.62371.3	C:\Users\tanjag\Desktop\tRNA_mutacije\msf\Pupae_Thr_tRNA_05\interact-47663_e10670_MB032_Pupae_Thr_tRNA_05.pep.xml	IVGGTATTISSFPWQISLQR	IVGGTAT[87]TISSFPWQISLQR	IIPQIDGR.IVGGTATTISSFPWQISLQR.SGSHSCGG	R	S	20	3	5406.779	2147.1433	2147.1372	716.7217	716.7197	2147.1375	716.7198	-0.0002	0.9083	1.6753	3.42857e-07	25.583	25.583	0.9998	2	0	31	50	0.0	7T(-14.0156)		0.0	True	FBpp0311842	FBpp0311842	FBpp0311842		FBpp0311842		
47663_e10670_MB032_Pupae_Thr_tRNA_05.43394.43394.3	C:\Users\tanjag\Desktop\tRNA_mutacije\msf\Pupae_Thr_tRNA_05\interact-47663_e10670_MB032_Pupae_Thr_tRNA_05.pep.xml	TVTNAVITVPAYFNDSQRQATK	TVTNAVITVPAYFNDSQRQAT[87]K	TAEAYIGK.TVTNAVITVPAYFNDSQRQATK.DAGTIAGI	K	D	22	3	3902.6821	2409.228	2409.2244	804.0833	804.0821	2409.2288	804.0835	-0.0043	0.9163	4.0268	2.625948e-06	22.173	11.335	0.9998	2	1	138	159	0.0	21T(-14.0156)		0.0	True	FBpp0307982	FBpp0307982	FBpp0307982		FBpp0307982		
47663_e10670_MB032_Pupae_Thr_tRNA_05.50293.50293.5	C:\Users\tanjag\Desktop\tRNA_mutacije\msf\Pupae_Thr_tRNA_05\interact-47663_e10670_MB032_Pupae_Thr_tRNA_05.pep.xml	IFREYLRIPTVHPNVDYTVCTEFLK	IFREYLRIPTVHPNVDYT[87]VCT[87]EFLK	WENNEEIK.IFREYLRIPTVHPNVDYTVCTEFLK.RQAASIDI	K	R	25	5	4449.3564	3081.5735	3081.579	617.322	617.3231	3081.5745	617.3222	0.0046	0.683	12.5587	6.22277e-06	29.222	15.945	0.9998	2	2	14	38	0.0	18T(-14.0156), 20C(57.0214), 21T(-14.0156)		0.0	True	FBpp0310703	FBpp0310703	FBpp0310703		FBpp0310703		
47663_e10670_MB032_Pupae_Thr_tRNA_05.36338.36338.2	C:\Users\tanjag\Desktop\tRNA_mutacije\msf\Pupae_Thr_tRNA_05\interact-47663_e10670_MB032_Pupae_Thr_tRNA_05.pep.xml	EESNPAQEFLTK	EESNPAQEFLT[87]K	AISARVPR.EESNPAQEFLTK.AQGDFNEF	R	A	12	2	3343.418	1377.642	1377.6404	689.8283	689.8275	1377.6411	689.8278	-0.0007	0.9898	5.2358	1.285325e-06	27.081	11.272	0.9997	2	0	25	36	0.0	11T(-14.0156)		0.0	False	FBpp0312079	FBpp0312079	FBpp0312079		FBpp0312079		FBpp0312403
47663_e10670_MB032_Pupae_Thr_tRNA_05.63243.63243.4	C:\Users\tanjag\Desktop\tRNA_mutacije\msf\Pupae_Thr_tRNA_05\interact-47663_e10670_MB032_Pupae_Thr_tRNA_05.pep.xml	VEPQHKSKIVEFLQSMNEISAMTGDGVNDAPALK	VEPQHKSKIVEFLQSM[147]NEISAMT[87]GDGVNDAPALK	ARSRIFSR.VEPQHKSKIVEFLQSMNEISAMTGDGVNDAPALK.KAEIGIAM	R	K	34	4	5476.2085	3687.7683	3687.7678	922.9494	922.9492	3684.8125	922.2104	2.9553	0.7928	29.2494	3.498385e-07	26.432	26.432	0.9996	2	2	679	712	0.0	16M(15.9949), 23T(-14.0156)		0.0	True	FBpp0309946	FBpp0309946	FBpp0309946		FBpp0309946		
47663_e10670_MB032_Pupae_Thr_tRNA_05.37870.37870.3	C:\Users\tanjag\Desktop\tRNA_mutacije\msf\Pupae_Thr_tRNA_05\interact-47663_e10670_MB032_Pupae_Thr_tRNA_05.pep.xml	LMGLGEHWYTEDK	LMGLGEHWYT[87]EDK	FKTWQWWK.LMGLGEHWYTEDK.FIIRENIY	K	F	13	3	3464.5776	1563.7078	1563.7039	522.2432	522.2419	1563.7028	522.2415	0.0011	0.9853	0.2046	5.41905e-08	29.342	17.619	0.9996	2	0	230	242	0.0	10T(-14.0156)		0.0	True	FBpp0311765	FBpp0311765	FBpp0311765		FBpp0311765		
47663_e10670_MB032_Pupae_Thr_tRNA_05.05878.05878.2	C:\Users\tanjag\Desktop\tRNA_mutacije\msf\Pupae_Thr_tRNA_05\interact-47663_e10670_MB032_Pupae_Thr_tRNA_05.pep.xml	LMDATNSDYK	LM[147]DAT[87]NSDYK	TYIEIYQK.LMDATNSDYK.FKIDQSEA	K	F	10	2	944.014	1158.4873	1158.4861	580.2509	580.2503	1158.4862	580.2504	-0.0001	0.9775	6.028	4.345102e-05	23.948	8.437	0.9996	2	0	588	597	0.0	2M(15.9949), 5T(-14.0156)		0.0	True	FBpp0311507	FBpp0311507	FBpp0311507		FBpp0311507		
47663_e10670_MB032_Pupae_Thr_tRNA_05.55504.55504.3	C:\Users\tanjag\Desktop\tRNA_mutacije\msf\Pupae_Thr_tRNA_05\interact-47663_e10670_MB032_Pupae_Thr_tRNA_05.pep.xml	DLYANIVMSGGTTMYPGIADRMQK	DLYANIVMSGGTT[87]MYPGIADRMQK	KCDVDIRK.DLYANIVMSGGTTMYPGIADRMQK.EITAIAPS	K	E	24	3	4862.546	2617.234	2617.242	873.4186	873.4213	2617.234	873.4186	0.008	0.8174	0.1837	2.058047e-06	31.458	31.433	0.9996	2	1	293	316	0.0	13T(-14.0156)		0.0	True	FBpp0312019	FBpp0312019	FBpp0312019		FBpp0312019		
47663_e10670_MB032_Pupae_Thr_tRNA_05.22883.22883.3	C:\Users\tanjag\Desktop\tRNA_mutacije\msf\Pupae_Thr_tRNA_05\interact-47663_e10670_MB032_Pupae_Thr_tRNA_05.pep.xml	LDETNRTLNDFDASK	LDETNRT[87]LNDFDASK	TINEVQSK.LDETNRTLNDFDASK.KKISIENS	K	K	15	3	2277.8362	1723.8058	1723.8025	575.6092	575.6081	1723.8013	575.6077	0.0012	0.9325	4.2404	1.230603e-06	29.263	25.31	0.9996	2	1	1262	1276	0.0	7T(-14.0156)		0.0	True	FBpp0312323	FBpp0312323	FBpp0312323		FBpp0312323		
47663_e10670_MB032_Pupae_Thr_tRNA_05.11448.11448.2	C:\Users\tanjag\Desktop\tRNA_mutacije\msf\Pupae_Thr_tRNA_05\interact-47663_e10670_MB032_Pupae_Thr_tRNA_05.pep.xml	STTTGHLIYK	STT[87]TGHLIYK	IGHVDSGK.STTTGHLIYK.CGGIDKRT	K	C	10	2	1379.6365	1105.5782	1105.5757	553.7964	553.7951	1105.5768	553.7957	-0.0011	0.9861	5.7194	1.058658e-07	29.993	25.841	0.9995	2	0	21	30	0.0	3T(-14.0156)		0.0	False	FBpp0311272	FBpp0311272	FBpp0311272		FBpp0311272		FBpp0311273
47663_e10670_MB032_Pupae_Thr_tRNA_05.25330.25330.2	C:\Users\tanjag\Desktop\tRNA_mutacije\msf\Pupae_Thr_tRNA_05\interact-47663_e10670_MB032_Pupae_Thr_tRNA_05.pep.xml	DGLNTVQEGLQK	DGLNT[87]VQEGLQK	KKVEGIFK.DGLNTVQEGLQK.LNETFIQA	K	L	12	2	2471.3618	1286.6484	1286.648	644.3315	644.3313	1286.6466	644.3306	0.0013	0.9858	3.6933	2.843497e-06	31.072	14.325	0.9995	2	0	62	73	0.0	5T(-14.0156)		0.0	False	FBpp0312079	FBpp0312079	FBpp0312079		FBpp0312079		FBpp0312403
47663_e10670_MB032_Pupae_Thr_tRNA_05.36102.36102.2	C:\Users\tanjag\Desktop\tRNA_mutacije\msf\Pupae_Thr_tRNA_05\interact-47663_e10670_MB032_Pupae_Thr_tRNA_05.pep.xml	EAAAGEDITPLADESIK	EAAAGEDIT[87]PLADESIK	KGEEGSPK.EAAAGEDITPLADESIK.SKSKKDKV	K	S	17	2	3325.009	1714.814	1714.8059	858.4143	858.4102	1714.826	858.4203	-0.0201	0.9261	1.8876	3.370279e-05	24.47	7.592	0.9995	2	0	103	119	0.0	9T(-14.0156)		0.0	False	FBpp0309215	FBpp0309215	FBpp0309215		FBpp0309215		FBpp0309213, FBpp0309214
47663_e10670_MB032_Pupae_Thr_tRNA_05.38256.38256.2	C:\Users\tanjag\Desktop\tRNA_mutacije\msf\Pupae_Thr_tRNA_05\interact-47663_e10670_MB032_Pupae_Thr_tRNA_05.pep.xml	IILPTAEDVAAEK	IILPT[87]AEDVAAEK	KNASTQEK.IILPTAEDVAAEK.TQQSIFEG	K	T	13	2	3495.1824	1354.7374	1354.7336	678.376	678.3741	1354.7343	678.3744	-0.0006	0.9859	1.6175	2.083332e-05	25.2	11.2	0.9995	2	0	39	51	0.0	5T(-14.0156)		0.0	True	FBpp0310070	FBpp0310070	FBpp0310070		FBpp0310070		
47663_e10670_MB032_Pupae_Thr_tRNA_05.60783.60783.3	C:\Users\tanjag\Desktop\tRNA_mutacije\msf\Pupae_Thr_tRNA_05\interact-47663_e10670_MB032_Pupae_Thr_tRNA_05.pep.xml	LGGVPVGVIAVETRTVEVEMPADPANLDSEAK	LGGVPVGVIAVET[87]RTVEVEM[147]PADPANLDSEAK	TVVTGRAR.LGGVPVGVIAVETRTVEVEMPADPANLDSEAK.TIQQAGQV	R	T	32	3	5281.1074	3264.6743	3264.6606	1089.232	1089.2275	3264.6545	1089.2254	0.0061	0.8783	4.322	0.0001043809	23.46	21.872	0.9995	2	1	1975	2006	0.0	13T(-14.0156), 20M(15.9949)		0.0	False	FBpp0308268	FBpp0308268	FBpp0308268		FBpp0308268		FBpp0308269, FBpp0308270
47663_e10670_MB032_Pupae_Thr_tRNA_05.54988.54988.3	C:\Users\tanjag\Desktop\tRNA_mutacije\msf\Pupae_Thr_tRNA_05\interact-47663_e10670_MB032_Pupae_Thr_tRNA_05.pep.xml	DLYANIVMSGGTTMYPGIADRMQK	DLYANIVMSGGT[87]TMYPGIADRMQK	KCDVDIRK.DLYANIVMSGGTTMYPGIADRMQK.EITAIAPS	K	E	24	3	4821.1313	2618.2432	2618.2378	873.755	873.7532	2617.234	873.4186	1.0039	0.8478	1.5983	3.315041e-05	24.796	24.796	0.9994	2	1	293	316	0.0	12T(-14.0156)		0.0	True	FBpp0312019	FBpp0312019	FBpp0312019		FBpp0312019		
47663_e10670_MB032_Pupae_Thr_tRNA_05.54276.54276.2	C:\Users\tanjag\Desktop\tRNA_mutacije\msf\Pupae_Thr_tRNA_05\interact-47663_e10670_MB032_Pupae_Thr_tRNA_05.pep.xml	VDPGTGQITILGIVDPK	VDPGTGQIT[87]ILGIVDPK	IVVSKNVK.VDPGTGQITILGIVDPK.TNKIDPNQ	K	T	17	2	4764.8174	1707.9446	1707.9417	854.9796	854.9781	1707.9407	854.9776	0.0009	0.8512	3.9113	3.329852e-06	25.833	14.202	0.9994	2	0	958	974	0.0	9T(-14.0156)		0.0	False	FBpp0309411	FBpp0309411	FBpp0309411		FBpp0309411		FBpp0309410
47663_e10670_MB032_Pupae_Thr_tRNA_05.30612.30612.2	C:\Users\tanjag\Desktop\tRNA_mutacije\msf\Pupae_Thr_tRNA_05\interact-47663_e10670_MB032_Pupae_Thr_tRNA_05.pep.xml	ILPAEAIQTEQPK	ILPAEAIQT[87]EQPK	IQAEPQTK.ILPAEAIQTEQPK.QQEIIADA	K	Q	13	2	2889.436	1422.777	1422.7731	712.3958	712.3938	1422.7717	712.3931	0.0013	0.9241	0.2715	1.659527e-05	18.432	6.207	0.9994	2	0	386	398	0.0	9T(-14.0156)		0.0	True	FBpp0311791	FBpp0311791	FBpp0311791		FBpp0311791		
47663_e10670_MB032_Pupae_Thr_tRNA_05.76507.76507.4	C:\Users\tanjag\Desktop\tRNA_mutacije\msf\Pupae_Thr_tRNA_05\interact-47663_e10670_MB032_Pupae_Thr_tRNA_05.pep.xml	SAMNPSGIRLGTPALTTRGLAEQDIEQVVAFIDAALK	SAM[147]NPSGIRLGT[87]PALTTRGLAEQDIEQVVAFIDAALK	KNTVPGDK.SAMNPSGIRLGTPALTTRGLAEQDIEQVVAFIDAALK.VGVQAAKI	K	V	37	4	6531.012	3856.0288	3856.019	965.0145	965.012	3855.0198	964.7622	0.9992	0.8112	24.8116	1.28227e-06	20.128	20.128	0.9993	2	2	378	414	0.0	12T(-14.0156), 3M(15.9949)		0.0	True	FBpp0311477	FBpp0311477	FBpp0311477		FBpp0311477		
47663_e10670_MB032_Pupae_Thr_tRNA_05.38981.38981.2	C:\Users\tanjag\Desktop\tRNA_mutacije\msf\Pupae_Thr_tRNA_05\interact-47663_e10670_MB032_Pupae_Thr_tRNA_05.pep.xml	VTETVLAAVYK	VTET[87]VLAAVYK	HDIDRAQK.VTETVLAAVYK.AISDHHVY	K	A	11	2	3552.6265	1178.6592	1178.6556	590.3369	590.3351	1178.6547	590.3346	0.0009	0.981	1.9645	1.68824e-05	27.12	17.896	0.9993	2	0	205	215	0.0	4T(-14.0156)		0.0	True	FBpp0308680	FBpp0308680	FBpp0308680		FBpp0308680		
47663_e10670_MB032_Pupae_Thr_tRNA_05.52663.52663.3	C:\Users\tanjag\Desktop\tRNA_mutacije\msf\Pupae_Thr_tRNA_05\interact-47663_e10670_MB032_Pupae_Thr_tRNA_05.pep.xml	QTQTFTTYSDNQPGVLIQVYEGERAMTK	QTQT[87]FTTYSDNQPGVLIQVYEGERAMTK	RNTTIPTK.QTQTFTTYSDNQPGVLIQVYEGERAMTK.DNNIIGKF	K	D	28	3	4637.247	3191.5312	3191.5264	1064.851	1064.8494	3190.524	1064.5153	1.0024	0.7369	4.5451	7.943284e-05	24.9	24.9	0.9993	2	1	424	451	0.0	4T(-14.0156)		0.0	True	FBpp0307982	FBpp0307982	FBpp0307982		FBpp0307982		
47663_e10670_MB032_Pupae_Thr_tRNA_05.12709.12709.2	C:\Users\tanjag\Desktop\tRNA_mutacije\msf\Pupae_Thr_tRNA_05\interact-47663_e10670_MB032_Pupae_Thr_tRNA_05.pep.xml	LMDATNSDYK	LMDAT[87]NSDYK	TYIEIYQK.LMDATNSDYK.FKIDQSEA	K	F	10	2	1477.9061	1142.4951	1142.4924	572.2548	572.2535	1142.4913	572.2529	0.0011	0.9963	7.2154	3.365115e-05	24.392	10.077	0.9992	2	0	588	597	0.0	5T(-14.0156)		0.0	True	FBpp0311507	FBpp0311507	FBpp0311507		FBpp0311507		
47663_e10670_MB032_Pupae_Thr_tRNA_05.09944.09944.2	C:\Users\tanjag\Desktop\tRNA_mutacije\msf\Pupae_Thr_tRNA_05\interact-47663_e10670_MB032_Pupae_Thr_tRNA_05.pep.xml	TGEELQAAEDK	T[87]GEELQAAEDK	MQGETNQK.TGEELQAAEDK.INHINKVK	K	I	11	2	1261.2009	1175.532	1175.5261	588.7733	588.7703	1175.5305	588.7725	-0.0043	0.9206	5.1287	0.0002850986	27.313	11.604	0.9988	2	0	1005	1015	0.0	1T(-14.0156)		0.0	True	FBpp0312323	FBpp0312323	FBpp0312323		FBpp0312323		
47663_e10670_MB032_Pupae_Thr_tRNA_05.56737.56737.4	C:\Users\tanjag\Desktop\tRNA_mutacije\msf\Pupae_Thr_tRNA_05\interact-47663_e10670_MB032_Pupae_Thr_tRNA_05.pep.xml	LAVDHPWLLTTPLVCKPDQLIK	LAVDHPWLLT[87]TPLVCKPDQLIK	NSTTDWSK.LAVDHPWLLTTPLVCKPDQLIK.RRGKIGII	K	R	22	4	4960.1235	2545.3848	2545.386	637.3535	637.3538	2542.3982	636.6068	2.9877	0.9496	4.0686	0.0001135797	17.516	17.516	0.9988	2	1	43	64	0.0	10T(-14.0156), 15C(57.0214)		0.0	True	FBpp0309030	FBpp0309030	FBpp0309030		FBpp0309030		
47663_e10670_MB032_Pupae_Thr_tRNA_05.29269.29269.3	C:\Users\tanjag\Desktop\tRNA_mutacije\msf\Pupae_Thr_tRNA_05\interact-47663_e10670_MB032_Pupae_Thr_tRNA_05.pep.xml	DVSIYHADTMEPYYK	DVSIYHADT[87]M[147]EPYYK	FVPNMYFK.DVSIYHADTMEPYYK.YKSYSNYG	K	Y	15	3	2783.1064	1832.7996	1832.7924	611.9405	611.9381	1832.7926	611.9381	-0.0002	0.9664	4.7162	0.005392001	14.573	4.847	0.9986	2	0	750	764	0.0	10M(15.9949), 9T(-14.0156)		0.0	True	FBpp0311765	FBpp0311765	FBpp0311765		FBpp0311765		
47663_e10670_MB032_Pupae_Thr_tRNA_05.60346.60346.5	C:\Users\tanjag\Desktop\tRNA_mutacije\msf\Pupae_Thr_tRNA_05\interact-47663_e10670_MB032_Pupae_Thr_tRNA_05.pep.xml	AYHTVQGVTAREMCHYFFMPEFRNDWETTLEDCTILEK	AYHTVQGVTAREMCHYFFM[147]PEFRNDWET[87]TLEDCTILEK	GIVMDPIK.AYHTVQGVTAREMCHYFFMPEFRNDWETTLEDCTILEK.ISADTIIF	K	I	38	5	5246.348	4729.089	4729.0737	946.8251	946.822	4726.103	946.2279	2.9707	0.8178	13.2191	0.02085426	19.562	19.562	0.9986	2	2	420	457	0.0	14C(57.0214), 19M(15.9949), 28T(-14.0156), 33C(57.0214)		0.0	True	FBpp0311285	FBpp0311285	FBpp0311285		FBpp0311285		
47663_e10670_MB032_Pupae_Thr_tRNA_05.39637.39637.2	C:\Users\tanjag\Desktop\tRNA_mutacije\msf\Pupae_Thr_tRNA_05\interact-47663_e10670_MB032_Pupae_Thr_tRNA_05.pep.xml	SSEFYWTVK	SSEFYWT[87]VK	GTNKITRK.SSEFYWTVK.DRTTYTEI	K	D	9	2	3605.2378	1131.5264	1131.5245	566.7705	566.7695	1131.5236	566.7691	0.0009	0.9871	4.7223	0.0006823388	22.164	8.476	0.9984	2	0	631	639	0.0	7T(-14.0156)		0.0	True	FBpp0311765	FBpp0311765	FBpp0311765		FBpp0311765		
47663_e10670_MB032_Pupae_Thr_tRNA_05.21004.21004.2	C:\Users\tanjag\Desktop\tRNA_mutacije\msf\Pupae_Thr_tRNA_05\interact-47663_e10670_MB032_Pupae_Thr_tRNA_05.pep.xml	EITALAPSTMK	EITALAPST[87]M[147]K	GIADRMQK.EITALAPSTMK.IKIIAPPE	K	I	11	2	2130.0042	1162.5912	1162.5886	582.3029	582.3016	1162.5903	582.3024	-0.0017	0.9826	5.3076	1.187424e-05	26.678	15.003	0.9984	2	0	317	327	0.0	10M(15.9949), 9T(-14.0156)		0.0	True	FBpp0311818	FBpp0311818	FBpp0311818		FBpp0311818		
47663_e10670_MB032_Pupae_Thr_tRNA_05.22020.22020.3	C:\Users\tanjag\Desktop\tRNA_mutacije\msf\Pupae_Thr_tRNA_05\interact-47663_e10670_MB032_Pupae_Thr_tRNA_05.pep.xml	TIQAEPVTKPIQAEPQTK	T[87]IQAEPVTKPIQAEPQTK	EQQKEIIK.TIQAEPVTKPIQAEPQTK.IIPAEAIQ	K	I	18	3	2209.8633	1964.0598	1964.0585	655.6939	655.6934	1964.0577	655.6932	0.0007	0.814	3.1969	0.001077085	18.371	9.167	0.9984	2	1	368	385	0.0	1T(-14.0156)		0.0	True	FBpp0311791	FBpp0311791	FBpp0311791		FBpp0311791		
47663_e10670_MB032_Pupae_Thr_tRNA_05.59259.59259.4	C:\Users\tanjag\Desktop\tRNA_mutacije\msf\Pupae_Thr_tRNA_05\interact-47663_e10670_MB032_Pupae_Thr_tRNA_05.pep.xml	IGGIGTVPVGRVETGVLKPGTVVVFAPANITTEVK	IGGIGTVPVGRVETGVLKPGT[87]VVVFAPANITTEVK	IPIQDVYK.IGGIGTVPVGRVETGVLKPGTVVVFAPANITTEVK.SVEMHHEA	K	S	35	4	5159.4062	3463.9612	3463.9504	866.9976	866.9949	3460.9656	866.2487	2.9848	0.4982	3.9333	1.297179e-05	26.048	25.817	0.9983	2	2	256	290	0.0	21T(-14.0156)		0.0	False	FBpp0311272	FBpp0311272	FBpp0311272		FBpp0311272		FBpp0311273
47663_e10670_MB032_Pupae_Thr_tRNA_05.29241.29241.3	C:\Users\tanjag\Desktop\tRNA_mutacije\msf\Pupae_Thr_tRNA_05\interact-47663_e10670_MB032_Pupae_Thr_tRNA_05.pep.xml	TNGYDYSTMYRSSDYTYMK	T[87]NGYDYSTM[147]YRSSDYTYMK	EYMDVYYK.TNGYDYSTMYRSSDYTYMK.DFKTWQWW	K	D	19	3	2780.8274	2346.9446	2346.94	783.3221	783.3206	2346.941	783.3209	-0.0009	0.8943	7.8916	0.004410621	18.922	16.16	0.9983	2	1	202	220	0.0	1T(-14.0156), 9M(15.9949)		0.0	True	FBpp0311765	FBpp0311765	FBpp0311765		FBpp0311765		
47663_e10670_MB032_Pupae_Thr_tRNA_05.10914.10914.2	C:\Users\tanjag\Desktop\tRNA_mutacije\msf\Pupae_Thr_tRNA_05\interact-47663_e10670_MB032_Pupae_Thr_tRNA_05.pep.xml	STTTGHLIYK	STTT[87]GHLIYK	IGHVDSGK.STTTGHLIYK.CGGIDKRT	K	C	10	2	1337.8633	1105.5776	1105.5806	553.7961	553.7976	1105.5768	553.7957	0.0037	0.9824	7.0553	1.730585e-05	23.884	21.575	0.9982	2	0	21	30	0.0	4T(-14.0156)		0.0	False	FBpp0311272	FBpp0311272	FBpp0311272		FBpp0311272		FBpp0311273
47663_e10670_MB032_Pupae_Thr_tRNA_05.39737.39737.2	C:\Users\tanjag\Desktop\tRNA_mutacije\msf\Pupae_Thr_tRNA_05\interact-47663_e10670_MB032_Pupae_Thr_tRNA_05.pep.xml	FYMPVDYTR	FYMPVDYT[87]R	SMMKDVKK.FYMPVDYTR.DINIYNKE	K	D	9	2	3612.934	1176.531	1176.5284	589.2728	589.2715	1176.5273	589.2709	0.0011	0.9856	6.0913	5.622034e-05	17.269	7.542	0.998	2	0	268	276	0.0	8T(-14.0156)		0.0	True	FBpp0311765	FBpp0311765	FBpp0311765		FBpp0311765		
47663_e10670_MB032_Pupae_Thr_tRNA_05.10969.10969.3	C:\Users\tanjag\Desktop\tRNA_mutacije\msf\Pupae_Thr_tRNA_05\interact-47663_e10670_MB032_Pupae_Thr_tRNA_05.pep.xml	QLQHTLNEVQSK	QLQHT[87]LNEVQSK	AAQEKIAK.QLQHTLNEVQSK.LDETNRTI	K	L	12	3	1342.0297	1409.728	1409.7238	470.9166	470.9152	1409.7262	470.916	-0.0024	0.9521	3.5435	0.0009193882	24.635	12.651	0.9978	2	0	1250	1261	0.0	5T(-14.0156)		0.0	True	FBpp0312323	FBpp0312323	FBpp0312323		FBpp0312323		
47663_e10670_MB032_Pupae_Thr_tRNA_05.21000.21000.3	C:\Users\tanjag\Desktop\tRNA_mutacije\msf\Pupae_Thr_tRNA_05\interact-47663_e10670_MB032_Pupae_Thr_tRNA_05.pep.xml	RLVTAVNEIEK	RLVT[87]AVNEIEK	GDIGQIYK.RLVTAVNEIEK.RVPFSHDD	K	R	11	3	2129.7231	1256.709	1256.7065	419.9103	419.9094	1256.7087	419.9102	-0.0022	0.9769	7.442	0.0001085179	17.688	7.527	0.9975	2	1	245	255	0.0	4T(-14.0156)		0.0	True	FBpp0311280	FBpp0311280	FBpp0311280		FBpp0311280		
47663_e10670_MB032_Pupae_Thr_tRNA_05.31052.31052.2	C:\Users\tanjag\Desktop\tRNA_mutacije\msf\Pupae_Thr_tRNA_05\interact-47663_e10670_MB032_Pupae_Thr_tRNA_05.pep.xml	ISLTTQLEDTK	ISLT[87]TQLEDTK	VSQISKIK.ISLTTQLEDTK.RIADEESR	K	R	11	2	2924.3315	1233.6477	1233.6447	617.8311	617.8296	1233.6451	617.8298	-0.0004	0.9837	6.4636	0.0001868298	25.594	22.008	0.997	2	0	1305	1315	0.0	4T(-14.0156)		0.0	True	FBpp0312323	FBpp0312323	FBpp0312323		FBpp0312323		
47663_e10670_MB032_Pupae_Thr_tRNA_05.46211.46211.2	C:\Users\tanjag\Desktop\tRNA_mutacije\msf\Pupae_Thr_tRNA_05\interact-47663_e10670_MB032_Pupae_Thr_tRNA_05.pep.xml	TLEIEEEILK	T[87]LEIEEEILK	IDMKRVQK.TLEIEEEILK.QQSARIEQ	K	Q	10	2	4125.727	1201.6515	1201.6525	601.833	601.8335	1201.644	601.8293	0.0084	0.9696	0.869	0.0003636268	18.44	7.938	0.997	2	0	344	353	0.0	1T(-14.0156)		0.0	True	FBpp0311791	FBpp0311791	FBpp0311791		FBpp0311791		
47663_e10670_MB032_Pupae_Thr_tRNA_05.43069.43069.3	C:\Users\tanjag\Desktop\tRNA_mutacije\msf\Pupae_Thr_tRNA_05\interact-47663_e10670_MB032_Pupae_Thr_tRNA_05.pep.xml	FYMPVDYTRDLNLYNK	FYM[147]PVDYT[87]RDLNLYNK	SMMKDVKK.FYMPVDYTRDLNLYNK.ESKISYFT	K	E	16	3	3876.7703	2052.9688	2052.9617	685.3302	685.3278	2052.9614	685.3277	0.0002	0.9389	13.853	0.001064231	15.591	7.558	0.9969	2	1	268	283	0.0	3M(15.9949), 8T(-14.0156)		0.0	True	FBpp0311765	FBpp0311765	FBpp0311765		FBpp0311765		
47663_e10670_MB032_Pupae_Thr_tRNA_05.10362.10362.2	C:\Users\tanjag\Desktop\tRNA_mutacije\msf\Pupae_Thr_tRNA_05\interact-47663_e10670_MB032_Pupae_Thr_tRNA_05.pep.xml	IFHRDEHTNVV	IFHRDEHT[87]NVV	NFKFVDVK.IFHRDEHTNVV.	K	-	11	2	1294.5045	1351.6659	1351.663	676.8402	676.8388	1351.6632	676.8389	-0.0002	0.9297	1.4546	0.02171451	14.153	0.0	0.9967	2	1	691	701	0.0	8T(-14.0156)		0.0	True	FBpp0311507	FBpp0311507	FBpp0311507		FBpp0311507		
47663_e10670_MB032_Pupae_Thr_tRNA_05.30462.30462.3	C:\Users\tanjag\Desktop\tRNA_mutacije\msf\Pupae_Thr_tRNA_05\interact-47663_e10670_MB032_Pupae_Thr_tRNA_05.pep.xml	CAGPAGQHDFGDEFTVK	CAGPAGQHDFGDEFT[87]VK	IIPPRCIK.CAGPAGQHDFGDEFTVK.LPNNKVDV	K	L	17	3	2877.3447	1820.7795	1820.7766	607.9338	607.9328	1820.7787	607.9335	-0.002	0.7914	1.0009	0.01424787	13.885	0.0	0.9966	2	0	3037	3053	0.0	15T(-14.0156), 1C(57.0214)		0.0	False	FBpp0311463	FBpp0311463	FBpp0311463		FBpp0311463		FBpp0311464
47663_e10670_MB032_Pupae_Thr_tRNA_05.28458.28458.2	C:\Users\tanjag\Desktop\tRNA_mutacije\msf\Pupae_Thr_tRNA_05\interact-47663_e10670_MB032_Pupae_Thr_tRNA_05.pep.xml	PFVPVETPK	PFVPVET[87]PK	.PFVPVETPK.CPACGKSV	M	C	9	2	2718.9448	998.5457	998.5442	500.2801	500.2794	998.5436	500.2791	0.0005	0.9773	5.7611	0.0001304084	21.579	11.983	0.9965	2	0	2	10	0.0	7T(-14.0156)		0.0	False	FBpp0311250	FBpp0311250	FBpp0311250		FBpp0311250		FBpp0309996
47663_e10670_MB032_Pupae_Thr_tRNA_05.16212.16212.2	C:\Users\tanjag\Desktop\tRNA_mutacije\msf\Pupae_Thr_tRNA_05\interact-47663_e10670_MB032_Pupae_Thr_tRNA_05.pep.xml	VVDNTVVVEGK	VVDNT[87]VVVEGK	KPNEITVK.VVDNTVVVEGK.HEEREDGH	K	H	11	2	1752.9402	1143.6156	1143.5979	572.8151	572.8062	1143.6135	572.814	-0.0156	0.938	7.0132	0.000432062	20.59	8.36	0.9965	2	0	108	118	0.0	5T(-14.0156)		0.0	True	FBpp0312159	FBpp0312159	FBpp0312159		FBpp0312159		
47663_e10670_MB032_Pupae_Thr_tRNA_05.34615.34615.2	C:\Users\tanjag\Desktop\tRNA_mutacije\msf\Pupae_Thr_tRNA_05\interact-47663_e10670_MB032_Pupae_Thr_tRNA_05.pep.xml	ELVTWTPAAK	ELVT[87]WTPAAK	IAIWFNEK.ELVTWTPAAK.DWIYE	K	D	10	2	3206.8232	1100.5874	1100.5917	551.301	551.3031	1100.5865	551.3005	0.0051	0.9745	0.5067	0.0005595796	18.103	13.853	0.9965	2	0	154	163	0.0	4T(-14.0156)		0.0	False	FBpp0308291	FBpp0308291	FBpp0308291		FBpp0308291		FBpp0311978, FBpp0312191
47663_e10670_MB032_Pupae_Thr_tRNA_05.72237.72237.3	C:\Users\tanjag\Desktop\tRNA_mutacije\msf\Pupae_Thr_tRNA_05\interact-47663_e10670_MB032_Pupae_Thr_tRNA_05.pep.xml	EALELLDATLAQLANGDGPSYK	EALELLDAT[87]LAQLANGDGPSYK	QIEGNERK.EALELLDATLAQLANGDGPSYK.AINVTSVT	K	A	22	3	6190.4155	2275.1628	2275.1738	759.3949	759.3985	2274.138	759.0533	1.0358	0.6356	10.7793	9.965027e-06	24.686	8.466	0.9963	2	0	20	41	0.0	9T(-14.0156)		0.0	True	FBpp0306974	FBpp0306974	FBpp0306974		FBpp0306974		
47663_e10670_MB032_Pupae_Thr_tRNA_05.26880.26880.2	C:\Users\tanjag\Desktop\tRNA_mutacije\msf\Pupae_Thr_tRNA_05\interact-47663_e10670_MB032_Pupae_Thr_tRNA_05.pep.xml	MDSTANELESIK	MDST[87]ANELESIK	NEDIVIAK.MDSTANELESIK.ISSFPTIK	K	I	12	2	2593.5012	1322.616	1322.6161	662.3153	662.3153	1322.6023	662.3084	0.0137	0.9818	7.7425	2.323905e-07	24.277	18.214	0.996	2	0	425	436	0.0	4T(-14.0156)		0.0	True	FBpp0312224	FBpp0312224	FBpp0312224		FBpp0312224		
47663_e10670_MB032_Pupae_Thr_tRNA_05.43897.43897.4	C:\Users\tanjag\Desktop\tRNA_mutacije\msf\Pupae_Thr_tRNA_05\interact-47663_e10670_MB032_Pupae_Thr_tRNA_05.pep.xml	GGMQIFVKTLTGKTITLEVEPSDTIENVK	GGM[147]QIFVKT[87]LTGKTITLEVEPSDTIENVK	IHIVIRIR.GGMQIFVKTLTGKTITLEVEPSDTIENVK.AKIQDKEG	R	A	29	4	3942.5208	3149.6526	3149.6377	788.4204	788.4167	3149.6528	788.4205	-0.0151	0.7527	37.6415	3.789752e-05	21.367	21.367	0.9959	2	2	75	103	0.0	3M(15.9949), 9T(-14.0156)		0.0	True	FBpp0311816	FBpp0311816	FBpp0311816		FBpp0311816		
47663_e10670_MB032_Pupae_Thr_tRNA_05.05426.05426.3	C:\Users\tanjag\Desktop\tRNA_mutacije\msf\Pupae_Thr_tRNA_05\interact-47663_e10670_MB032_Pupae_Thr_tRNA_05.pep.xml	VLGRTGSQGQCTQVK	VLGRT[87]GSQGQCTQVK	VVWARVMK.VLGRTGSQGQCTQVK.VEFIGEQN	K	V	15	3	908.2319	1603.8113	1603.808	535.611	535.6099	1603.81	535.6106	-0.002	0.8503	0.4729	0.0004263724	14.267	7.165	0.9949	2	1	13	27	0.0	11C(57.0214), 5T(-14.0156)		0.0	True	FBpp0310057	FBpp0310057	FBpp0310057		FBpp0310057		
47663_e10670_MB032_Pupae_Thr_tRNA_05.33747.33747.2	C:\Users\tanjag\Desktop\tRNA_mutacije\msf\Pupae_Thr_tRNA_05\interact-47663_e10670_MB032_Pupae_Thr_tRNA_05.pep.xml	MFDWTGK	MFDWT[87]GK	.MFDWTGK.NVVYVGSF	-	N	7	2	3138.139	869.3749	869.3738	435.6947	435.6942	869.3742	435.6944	-0.0004	0.9878	10.7099	0.02393316	13.984	0.0	0.9948	2	0	1	7	0.0	5T(-14.0156)		0.0	False	FBpp0310073	FBpp0310073	FBpp0310073		FBpp0310073		FBpp0310074
47663_e10670_MB032_Pupae_Thr_tRNA_05.26606.26606.3	C:\Users\tanjag\Desktop\tRNA_mutacije\msf\Pupae_Thr_tRNA_05\interact-47663_e10670_MB032_Pupae_Thr_tRNA_05.pep.xml	TIAMDGTEGLVRGQK	T[87]IAM[147]DGTEGLVRGQK	HIGENTVR.TIAMDGTEGLVRGQK.VIDTGYPI	R	V	15	3	2571.7717	1576.7856	1576.7834	526.6025	526.6017	1576.7878	526.6032	-0.0043	0.6174	14.2486	3.738741e-05	19.718	15.256	0.9926	2	1	87	101	0.0	1T(-14.0156), 4M(15.9949)		0.0	True	FBpp0311086	FBpp0311086	FBpp0311086		FBpp0311086		
47663_e10670_MB032_Pupae_Thr_tRNA_05.10254.10254.2	C:\Users\tanjag\Desktop\tRNA_mutacije\msf\Pupae_Thr_tRNA_05\interact-47663_e10670_MB032_Pupae_Thr_tRNA_05.pep.xml	SLATTCVASK	SLAT[87]TCVASK	VMAMVPAK.SLATTCVASK.RMMWQIPE	K	R	10	2	1286.0616	1022.509	1022.5073	512.2618	512.2609	1022.5067	512.2606	0.0006	0.9713	7.7868	5.096992e-05	21.226	19.077	0.9917	2	0	1650	1659	0.0	4T(-14.0156), 6C(57.0214)		0.0	True	FBpp0307371	FBpp0307371	FBpp0307371		FBpp0307371		
47663_e10670_MB032_Pupae_Thr_tRNA_05.59161.59161.4	C:\Users\tanjag\Desktop\tRNA_mutacije\msf\Pupae_Thr_tRNA_05\interact-47663_e10670_MB032_Pupae_Thr_tRNA_05.pep.xml	FRCPESLFQPSFLGMESCGIHETVYNSIMK	FRCPESLFQPSFLGMESCGIHET[87]VYNSIMK	VITIGNER.FRCPESLFQPSFLGMESCGIHETVYNSIMK.CDVDIRKD	R	C	30	4	5151.8315	3549.6233	3549.6187	888.4131	888.412	3549.619	888.412	-0.0002	0.8543	11.5251	6.370259e-05	17.496	13.03	0.9909	2	1	256	285	0.0	18C(57.0214), 23T(-14.0156), 3C(57.0214)		0.0	True	FBpp0312019	FBpp0312019	FBpp0312019		FBpp0312019		
47663_e10670_MB032_Pupae_Thr_tRNA_05.29470.29470.3	C:\Users\tanjag\Desktop\tRNA_mutacije\msf\Pupae_Thr_tRNA_05\interact-47663_e10670_MB032_Pupae_Thr_tRNA_05.pep.xml	TNSDFRISRDTSELIK	T[87]NSDFRISRDTSELIK	KVIGTPDK.TNSDFRISRDTSELIK.LTSESQHP	K	L	16	3	2799.0964	1866.95	1866.9421	623.3239	623.3213	1866.9435	623.3218	-0.0013	0.9724	3.3724	0.006997196	19.397	9.644	0.989	2	2	1385	1400	0.0	1T(-14.0156)		0.0	False	FBpp0311463	FBpp0311463	FBpp0311463		FBpp0311463		FBpp0311464
47663_e10670_MB032_Pupae_Thr_tRNA_05.40463.40463.4	C:\Users\tanjag\Desktop\tRNA_mutacije\msf\Pupae_Thr_tRNA_05\interact-47663_e10670_MB032_Pupae_Thr_tRNA_05.pep.xml	PGTQAPPTLERYQFVPNINTTDLNENSEK	PGT[87]QAPPTLERYQFVPNINTTDLNENSEK	KANIAQRR.PGTQAPPTLERYQFVPNINTTDLNENSEK.ARIHAIDV	R	A	29	4	3670.4016	3261.5566	3261.5457	816.3964	816.3937	3258.579	815.652	2.9665	0.6081	9.2687	4.653699e-05	18.978	18.978	0.9888	2	1	1242	1270	0.0	3T(-14.0156)		0.0	True	FBpp0307371	FBpp0307371	FBpp0307371		FBpp0307371		
47663_e10670_MB032_Pupae_Thr_tRNA_05.04971.04971.3	C:\Users\tanjag\Desktop\tRNA_mutacije\msf\Pupae_Thr_tRNA_05\interact-47663_e10670_MB032_Pupae_Thr_tRNA_05.pep.xml	VLGRTGSQGQCTQVK	VLGRTGSQGQCT[87]QVK	VVWARVMK.VLGRTGSQGQCTQVK.VEFIGEQN	K	V	15	3	872.9272	1603.8118	1603.8029	535.6112	535.6082	1603.81	535.6106	-0.0072	0.9385	1.9092	0.003945698	17.982	10.621	0.9885	2	1	13	27	0.0	11C(57.0214), 12T(-14.0156)		0.0	True	FBpp0310057	FBpp0310057	FBpp0310057		FBpp0310057		
47663_e10670_MB032_Pupae_Thr_tRNA_05.09495.09495.2	C:\Users\tanjag\Desktop\tRNA_mutacije\msf\Pupae_Thr_tRNA_05\interact-47663_e10670_MB032_Pupae_Thr_tRNA_05.pep.xml	TIQAEPVTK	TIQAEPVT[87]K	EQQKEIIK.TIQAEPVTK.PIQAEPQT	K	P	9	2	1226.3912	971.5306	971.5286	486.7726	486.7716	971.5287	486.7717	-0.0001	0.9783	5.8069	0.007986423	14.72	8.272	0.988	2	0	368	376	0.0	8T(-14.0156)		0.0	True	FBpp0311791	FBpp0311791	FBpp0311791		FBpp0311791		
47663_e10670_MB032_Pupae_Thr_tRNA_05.67162.67162.3	C:\Users\tanjag\Desktop\tRNA_mutacije\msf\Pupae_Thr_tRNA_05\interact-47663_e10670_MB032_Pupae_Thr_tRNA_05.pep.xml	SQLMNGTSMAAPHVAGAVALLISGLK	SQLM[147]NGT[87]SM[147]AAPHVAGAVALLISGLK	VPQFTMSK.SQLMNGTSMAAPHVAGAVALLISGLK.QQNIEYSP	K	Q	26	3	5787.601	2555.358	2555.35	852.7933	852.7906	2554.3245	852.4488	1.0256	0.7955	0.8046	0.003833344	18.089	18.089	0.9876	2	0	476	501	0.0	4M(15.9949), 7T(-14.0156), 9M(15.9949)		0.0	False	FBpp0308802	FBpp0308802	FBpp0308802		FBpp0308802		FBpp0310608
47663_e10670_MB032_Pupae_Thr_tRNA_05.65899.65899.3	C:\Users\tanjag\Desktop\tRNA_mutacije\msf\Pupae_Thr_tRNA_05\interact-47663_e10670_MB032_Pupae_Thr_tRNA_05.pep.xml	IEEAVDHPVEETTNWADEVAAETVGGVEDWNEDTVK	IEEAVDHPVEETTNWADEVAAETVGGVEDWNEDT[87]VK	KEIIPPPK.IEEAVDHPVEETTNWADEVAAETVGGVEDWNEDTVK.TSWGSDGQ	K	T	36	3	5687.2104	3969.7896	3969.776	1324.2705	1324.2659	3968.771	1323.9309	1.0048	0.7401	9.8122	0.0249029	11.915	0.0	0.987	2	0	226	261	0.0	34T(-14.0156)		0.0	False	FBpp0308665	FBpp0308665	FBpp0308665		FBpp0308665		FBpp0308666
47663_e10670_MB032_Pupae_Thr_tRNA_05.09835.09835.3	C:\Users\tanjag\Desktop\tRNA_mutacije\msf\Pupae_Thr_tRNA_05\interact-47663_e10670_MB032_Pupae_Thr_tRNA_05.pep.xml	SGTVGFQHRLTK	SGTVGFQHRLT[87]K	NVNHRKRK.SGTVGFQHRLTK.EDAMKWFQ	K	E	12	3	1252.7004	1315.7002	1315.6976	439.574	439.5731	1315.6996	439.5738	-0.0019	0.9461	4.3827	0.009962683	18.717	16.93	0.9866	2	1	153	164	0.0	11T(-14.0156)		0.0	True	FBpp0309436	FBpp0309436	FBpp0309436		FBpp0309436		
47663_e10670_MB032_Pupae_Thr_tRNA_05.17919.17919.4	C:\Users\tanjag\Desktop\tRNA_mutacije\msf\Pupae_Thr_tRNA_05\interact-47663_e10670_MB032_Pupae_Thr_tRNA_05.pep.xml	LGGVFAPRPSTGPHK	LGGVFAPRPST[87]GPHK	PKAWMIDK.LGGVFAPRPSTGPHK.LRESIPII	K	L	15	4	1886.995	1505.8154	1505.8105	377.4611	377.4599	1505.8102	377.4598	0.0003	0.8514	2.0813	0.1608612	12.64	9.994	0.9837	2	1	23	37	0.0	11T(-14.0156)		0.0	True	FBpp0312080	FBpp0312080	FBpp0312080		FBpp0312080		
47663_e10670_MB032_Pupae_Thr_tRNA_05.27533.27533.2	C:\Users\tanjag\Desktop\tRNA_mutacije\msf\Pupae_Thr_tRNA_05\interact-47663_e10670_MB032_Pupae_Thr_tRNA_05.pep.xml	TRVYVIGVGMTK	T[87]RVYVIGVGMTK	MTK.TRVYVIGVGMTK.FEKPGRRA	K	F	12	2	2645.8154	1308.7244	1308.7218	655.3695	655.3682	1308.7223	655.3684	-0.0004	0.9129	6.704	0.0001043083	20.544	11.375	0.9831	2	1	4	15	0.0	1T(-14.0156)		0.0	True	FBpp0311123	FBpp0311123	FBpp0311123		FBpp0311123		
47663_e10670_MB032_Pupae_Thr_tRNA_05.06126.06126.3	C:\Users\tanjag\Desktop\tRNA_mutacije\msf\Pupae_Thr_tRNA_05\interact-47663_e10670_MB032_Pupae_Thr_tRNA_05.pep.xml	LRTAEDLQSARK	LRT[87]AEDLQSARK	IASASDYK.LRTAEDLQSARK.ECAASSKV	K	E	12	3	963.4097	1372.7423	1372.7417	458.588	458.5878	1372.7422	458.588	-0.0004	0.9651	3.6148	0.03418879	17.813	11.045	0.9821	2	2	23	34	0.0	3T(-14.0156)		0.0	True	FBpp0308406	FBpp0308406	FBpp0308406		FBpp0308406		
47663_e10670_MB032_Pupae_Thr_tRNA_05.72280.72280.3	C:\Users\tanjag\Desktop\tRNA_mutacije\msf\Pupae_Thr_tRNA_05\interact-47663_e10670_MB032_Pupae_Thr_tRNA_05.pep.xml	DAGTIAGLNVLRIINEPTAAAIAYGLDK	DAGT[87]IAGLNVLRIINEPTAAAIAYGLDK	DSQRQATK.DAGTIAGLNVLRIINEPTAAAIAYGLDK.KAVGERNV	K	K	28	3	6194.0537	2825.5356	2825.5273	942.8525	942.8497	2825.5286	942.8501	-0.0012	0.8409	17.369	0.09181827	12.812	7.825	0.981	2	1	160	187	0.0	4T(-14.0156)		0.0	True	FBpp0307982	FBpp0307982	FBpp0307982		FBpp0307982		
47663_e10670_MB032_Pupae_Thr_tRNA_05.45961.45961.2	C:\Users\tanjag\Desktop\tRNA_mutacije\msf\Pupae_Thr_tRNA_05\interact-47663_e10670_MB032_Pupae_Thr_tRNA_05.pep.xml	FTTGDINQIVLQNVTK	FTT[87]GDINQIVLQNVT[87]K	AFSIAEVK.FTTGDINQIVLQNVTK.AQIKIRTK	K	A	16	2	4105.8867	1761.9282	1761.9254	881.9714	881.97	1761.926	881.9703	-0.0006	0.6843	16.019	7.226281e-07	29.564	25.109	0.9785	2	0	74	89	0.0	15T(-14.0156), 3T(-14.0156)		0.0	False	FBpp0308493	FBpp0308493	FBpp0308493		FBpp0308493		FBpp0311750
47663_e10670_MB032_Pupae_Thr_tRNA_05.34188.34188.4	C:\Users\tanjag\Desktop\tRNA_mutacije\msf\Pupae_Thr_tRNA_05\interact-47663_e10670_MB032_Pupae_Thr_tRNA_05.pep.xml	VTHAVVTVPAYFNDAQRQATK	VTHAVVT[87]VPAYFNDAQRQATK	AEAYIGKK.VTHAVVTVPAYFNDAQRQATK.DAGVIAGI	K	D	21	4	3172.951	2301.226	2301.228	576.3138	576.3143	2301.1865	576.3039	0.0415	0.905	0.9207	0.04087189	13.617	9.407	0.9771	2	1	165	185	0.0	7T(-14.0156)		0.0	True	FBpp0311376	FBpp0311376	FBpp0311376		FBpp0311376		
47663_e10670_MB032_Pupae_Thr_tRNA_05.10567.10567.2	C:\Users\tanjag\Desktop\tRNA_mutacije\msf\Pupae_Thr_tRNA_05\interact-47663_e10670_MB032_Pupae_Thr_tRNA_05.pep.xml	TIQAEPVTK	T[87]IQAEPVTK	EQQKEIIK.TIQAEPVTK.PIQAEPQT	K	P	9	2	1310.5856	971.5286	971.5282	486.7716	486.7714	971.5287	486.7717	-0.0005	0.9731	3.1847	0.00185475	20.16	13.909	0.9759	2	0	368	376	0.0	1T(-14.0156)		0.0	True	FBpp0311791	FBpp0311791	FBpp0311791		FBpp0311791		
47663_e10670_MB032_Pupae_Thr_tRNA_05.05699.05699.2	C:\Users\tanjag\Desktop\tRNA_mutacije\msf\Pupae_Thr_tRNA_05\interact-47663_e10670_MB032_Pupae_Thr_tRNA_05.pep.xml	ATDQTFSEK	ATDQT[87]FSEK	EEESMFPK.ATDQTFSEK.LTNTHIGK	K	L	9	2	930.0032	1011.4511	1011.4535	506.7328	506.7341	1011.4509	506.7327	0.0026	0.9411	7.768	0.06595536	13.223	7.923	0.9727	2	0	542	550	0.0	5T(-14.0156)		0.0	True	FBpp0312323	FBpp0312323	FBpp0312323		FBpp0312323		
47663_e10670_MB032_Pupae_Thr_tRNA_05.02297.02297.2	C:\Users\tanjag\Desktop\tRNA_mutacije\msf\Pupae_Thr_tRNA_05\interact-47663_e10670_MB032_Pupae_Thr_tRNA_05.pep.xml	TIRNDNSSRFGK	T[87]IRNDNSSRFGK	IEAFGNAK.TIRNDNSSRFGK.YIDIHFSA	K	Y	12	2	664.8597	1379.6935	1379.6906	690.854	690.8526	1379.6906	690.8526	0.0	0.9527	1.7199	7.378237e-07	27.419	27.419	0.9701	2	2	202	213	0.0	1T(-14.0156)		0.0	False	FBpp0310274	FBpp0310274	FBpp0310274		FBpp0310274		FBpp0310275
47663_e10670_MB032_Pupae_Thr_tRNA_05.14507.14507.2	C:\Users\tanjag\Desktop\tRNA_mutacije\msf\Pupae_Thr_tRNA_05\interact-47663_e10670_MB032_Pupae_Thr_tRNA_05.pep.xml	STELLIRK	ST[87]ELLIRK	REIRRYQK.STELLIRK.LPFQRIVR	K	L	8	2	1618.5721	944.5676	944.5654	473.2911	473.29	944.5655	473.29	0.0	0.9712	10.97	0.001289107	23.785	13.288	0.9661	2	1	58	65	0.0	2T(-14.0156)		0.0	True	FBpp0309302	FBpp0309302	FBpp0309302		FBpp0309302		
47663_e10670_MB032_Pupae_Thr_tRNA_05.59324.59324.4	C:\Users\tanjag\Desktop\tRNA_mutacije\msf\Pupae_Thr_tRNA_05\interact-47663_e10670_MB032_Pupae_Thr_tRNA_05.pep.xml	IDVTTSPSLSGRFFVTALPTIYHVK	IDVTTSPSLSGRFFVTALPT[87]IYHVK	DVQVQVAK.IDVTTSPSLSGRFFVTALPTIYHVK.DGEFRQYR	K	D	25	4	5164.633	2734.5312	2734.5159	684.6401	684.6363	2734.4692	684.6246	0.0466	0.8624	0.5925	0.04696238	14.813	12.853	0.9654	2	1	90	114	0.0	20T(-14.0156)		0.0	True	FBpp0309938	FBpp0309938	FBpp0309938		FBpp0309938		
47663_e10670_MB032_Pupae_Thr_tRNA_05.73085.73085.3	C:\Users\tanjag\Desktop\tRNA_mutacije\msf\Pupae_Thr_tRNA_05\interact-47663_e10670_MB032_Pupae_Thr_tRNA_05.pep.xml	YNLNYIALDGTIGCMVNGAGLAMATMDIIK	YNLNYIALDGT[87]IGCM[147]VNGAGLAM[147]ATMDIIK	PKEVEAAK.YNLNYIALDGTIGCMVNGAGLAMATMDIIK.LYGGEPAN	K	L	30	3	6257.9707	3220.583	3220.5652	1074.5349	1074.529	3220.5276	1074.5165	0.0376	0.7459	3.8064	0.0001018393	20.72	20.72	0.9647	2	0	293	322	0.0	11T(-14.0156), 14C(57.0214), 15M(15.9949), 23M(15.9949)		0.0	False	FBpp0312599	FBpp0312599	FBpp0312599		FBpp0312599		FBpp0312600
47663_e10670_MB032_Pupae_Thr_tRNA_05.15549.15549.3	C:\Users\tanjag\Desktop\tRNA_mutacije\msf\Pupae_Thr_tRNA_05\interact-47663_e10670_MB032_Pupae_Thr_tRNA_05.pep.xml	ISDSDRTTILDK	ISDSDRTT[87]ILDK	DEDNIKTK.ISDSDRTTILDK.CNETIKWI	K	C	12	3	1701.0013	1348.6853	1348.683	450.569	450.5683	1348.6833	450.5684	-0.0003	0.8595	5.7357	0.01327642	20.015	18.552	0.9627	2	1	562	573	0.0	8T(-14.0156)		0.0	True	FBpp0307982	FBpp0307982	FBpp0307982		FBpp0307982		
47663_e10670_MB032_Pupae_Thr_tRNA_05.43163.43163.3	C:\Users\tanjag\Desktop\tRNA_mutacije\msf\Pupae_Thr_tRNA_05\interact-47663_e10670_MB032_Pupae_Thr_tRNA_05.pep.xml	GTDKWIKGTEITIPCLGEECK	GT[87]DKWIKGT[87]EITIPCLGEECK	YVVEKREK.GTDKWIKGTEITIPCLGEECK.ATVPTINE	K	A	21	3	3884.4324	2406.1887	2406.1863	803.0702	803.0694	2406.156	803.0593	0.0302	0.8042	6.2699	0.007642484	17.92	13.404	0.9625	2	2	3996	4016	0.0	15C(57.0214), 20C(57.0214), 2T(-14.0156), 9T(-14.0156)		0.0	True	FBpp0311242	FBpp0311242	FBpp0311242		FBpp0311242		
47663_e10670_MB032_Pupae_Thr_tRNA_05.34460.34460.3	C:\Users\tanjag\Desktop\tRNA_mutacije\msf\Pupae_Thr_tRNA_05\interact-47663_e10670_MB032_Pupae_Thr_tRNA_05.pep.xml	EEVPTIRLIK	EEVPT[87]IRLIK	FEFFGMNK.EEVPTIRLIK.LEEDMAKY	K	L	10	3	3194.6233	1182.6997	1182.6957	395.2405	395.2392	1182.6971	395.2396	-0.0014	0.9231	9.2368	0.1754646	15.319	10.372	0.9624	2	1	310	319	0.0	5T(-14.0156)		0.0	True	FBpp0312224	FBpp0312224	FBpp0312224		FBpp0312224		
47663_e10670_MB032_Pupae_Thr_tRNA_05.52392.52392.6	C:\Users\tanjag\Desktop\tRNA_mutacije\msf\Pupae_Thr_tRNA_05\interact-47663_e10670_MB032_Pupae_Thr_tRNA_05.pep.xml	LYRFIVNEGHHYGHGDESFPGLFMHYDTSMRDPIFYEVYK	LYRFIVNEGHHYGHGDESFPGLFM[147]HYDT[87]SMRDPIFYEVYK	KFYGSIDK.LYRFIVNEGHHYGHGDESFPGLFMHYDTSMRDPIFYEVYK.TIVSHYWH	K	T	40	6	4616.0396	4868.2334	4868.289	812.3795	812.3888	4868.222	812.3776	0.0668	0.8115	24.8256	0.02020378	13.945	12.434	0.9615	2	2	375	414	0.0	24M(15.9949), 28T(-14.0156)		0.0	True	FBpp0311507	FBpp0311507	FBpp0311507		FBpp0311507		
47663_e10670_MB032_Pupae_Thr_tRNA_05.15043.15043.2	C:\Users\tanjag\Desktop\tRNA_mutacije\msf\Pupae_Thr_tRNA_05\interact-47663_e10670_MB032_Pupae_Thr_tRNA_05.pep.xml	ATLDEDNLK	AT[87]LDEDNLK	ESYCFNMK.ATLDEDNLK.TKISDSDR	K	T	9	2	1661.2214	1004.4972	1004.4964	503.2559	503.2555	1003.4822	502.7484	1.0142	0.9528	6.2528	0.01464345	19.508	12.707	0.961	2	0	551	559	0.0	2T(-14.0156)		0.0	True	FBpp0307982	FBpp0307982	FBpp0307982		FBpp0307982		
47663_e10670_MB032_Pupae_Thr_tRNA_05.70280.70280.3	C:\Users\tanjag\Desktop\tRNA_mutacije\msf\Pupae_Thr_tRNA_05\interact-47663_e10670_MB032_Pupae_Thr_tRNA_05.pep.xml	DSGLTGLPPVAEADGVAPAGTQTQIPGLLSWPEVCAK	DSGLTGLPPVAEADGVAPAGT[87]QTQIPGLLSWPEVCAK	GRAWKITK.DSGLTGLPPVAEADGVAPAGTQTQIPGLLSWPEVCAK.LPNPANQH	K	L	37	3	6034.809	3688.8696	3688.8816	1230.6305	1230.6345	3687.8452	1230.289	1.0363	0.832	1.8476	0.05939421	15.355	15.355	0.9609	2	0	309	345	0.0	21T(-14.0156), 35C(57.0214)		0.0	True	FBpp0309782	FBpp0309782	FBpp0309782		FBpp0309782		
47663_e10670_MB032_Pupae_Thr_tRNA_05.27291.27291.4	C:\Users\tanjag\Desktop\tRNA_mutacije\msf\Pupae_Thr_tRNA_05\interact-47663_e10670_MB032_Pupae_Thr_tRNA_05.pep.xml	TNSDFRISRDTSELIK	TNSDFRISRDT[87]SELIK	KVIGTPDK.TNSDFRISRDTSELIK.LTSESQHP	K	L	16	4	2626.5786	1866.9484	1866.9424	467.7444	467.7429	1866.9435	467.7432	-0.0011	0.7513	8.6298	0.001256314	16.024	8.518	0.9556	2	2	1385	1400	0.0	11T(-14.0156)		0.0	False	FBpp0311463	FBpp0311463	FBpp0311463		FBpp0311463		FBpp0311464
47663_e10670_MB032_Pupae_Thr_tRNA_05.77914.77914.3	C:\Users\tanjag\Desktop\tRNA_mutacije\msf\Pupae_Thr_tRNA_05\interact-47663_e10670_MB032_Pupae_Thr_tRNA_05.pep.xml	QYDLLVMPPSFPFGGMENPCLTFVTPTLLAGDK	QYDLLVMPPSFPFGGM[147]ENPCLT[87]FVTPTLLAGDK	ICGPYVWK.QYDLLVMPPSFPFGGMENPCLTFVTPTLLAGDK.SIADVVAH	K	S	33	3	6643.1943	3656.8066	3656.7847	1219.9428	1219.9355	3656.7603	1219.9274	0.0244	0.6808	6.0892	1.69933	11.831	11.831	0.952	2	0	324	356	0.0	16M(15.9949), 20C(57.0214), 22T(-14.0156)		0.0	True	FBpp0312552	FBpp0312552	FBpp0312552		FBpp0312552		
47663_e10670_MB032_Pupae_Thr_tRNA_05.04999.04999.2	C:\Users\tanjag\Desktop\tRNA_mutacije\msf\Pupae_Thr_tRNA_05\interact-47663_e10670_MB032_Pupae_Thr_tRNA_05.pep.xml	PIQAEPQTK	PIQAEPQT[87]K	IQAEPVTK.PIQAEPQTK.IIPAEAIQ	K	I	9	2	875.1779	997.5017	997.5168	499.7581	499.7657	996.524	499.2693	0.9928	0.9359	7.8774	0.008960139	15.891	10.051	0.9371	2	0	377	385	0.0	8T(-14.0156)		0.0	True	FBpp0311791	FBpp0311791	FBpp0311791		FBpp0311791		
47663_e10670_MB032_Pupae_Thr_tRNA_05.21643.21643.3	C:\Users\tanjag\Desktop\tRNA_mutacije\msf\Pupae_Thr_tRNA_05\interact-47663_e10670_MB032_Pupae_Thr_tRNA_05.pep.xml	FVRAQLTGSITK	FVRAQLT[87]GSITK	IEYKNWWK.FVRAQLTGSITK.FDGAIIHI	K	F	12	3	2180.306	1306.7242	1306.7316	436.582	436.5845	1305.7405	436.2541	0.991	0.9462	8.4182	0.04080899	18.366	14.339	0.9249	2	1	3207	3218	0.0	7T(-14.0156)		0.0	False	FBpp0311463	FBpp0311463	FBpp0311463		FBpp0311463		FBpp0311464
47663_e10670_MB032_Pupae_Thr_tRNA_05.73980.73980.3	C:\Users\tanjag\Desktop\tRNA_mutacije\msf\Pupae_Thr_tRNA_05\interact-47663_e10670_MB032_Pupae_Thr_tRNA_05.pep.xml	TWEIPVATPTDSGAAILTQFFNRFPSNLEK	T[87]WEIPVATPTDSGAAILTQFFNRFPSNLEK	DEVQIIKK.TWEIPVATPTDSGAAILTQFFNRFPSNLEK.FPFRDVPI	K	F	30	3	6329.414	3335.6946	3335.6924	1112.9055	1112.9047	3335.6826	1112.9015	0.0097	0.6135	12.9979	0.02254239	15.088	7.435	0.9245	2	1	12	41	0.0	1T(-14.0156)		0.0	True	FBpp0310754	FBpp0310754	FBpp0310754		FBpp0310754		
47663_e10670_MB032_Pupae_Thr_tRNA_05.70351.70351.4	C:\Users\tanjag\Desktop\tRNA_mutacije\msf\Pupae_Thr_tRNA_05\interact-47663_e10670_MB032_Pupae_Thr_tRNA_05.pep.xml	GWFVGMVSTTVETENPEVEIKPGLDLLEPIAQK	GWFVGM[147]VST[87]TVETENPEVEIKPGLDLLEPIAQK	STHQVAAK.GWFVGMVSTTVETENPEVEIKPGLDLLEPIAQK.FVTISDYI	K	F	33	4	6040.488	3628.813	3628.8037	908.2105	908.2082	3627.8381	907.9668	0.9655	0.801	6.8584	0.07972095	10.622	10.622	0.9132	2	1	347	379	0.0	6M(15.9949), 9T(-14.0156)		0.0	True	FBpp0311558	FBpp0311558	FBpp0311558		FBpp0311558		
47663_e10670_MB032_Pupae_Thr_tRNA_05.20193.20193.2	C:\Users\tanjag\Desktop\tRNA_mutacije\msf\Pupae_Thr_tRNA_05\interact-47663_e10670_MB032_Pupae_Thr_tRNA_05.pep.xml	RQDFIDGTAEVK	RQDFIDGT[87]AEVK	NSAKIIIK.RQDFIDGTAEVK.LGKEFKVD	K	L	12	2	2065.9856	1363.6923	1363.6886	682.8534	682.8516	1363.6731	682.8438	0.0155	0.8722	8.001	0.02269404	15.524	10.848	0.9054	2	1	2369	2380	0.0	8T(-14.0156)		0.0	False	FBpp0311463	FBpp0311463	FBpp0311463		FBpp0311463		FBpp0311464
47663_e10670_MB032_Pupae_Thr_tRNA_05.46291.46291.3	C:\Users\tanjag\Desktop\tRNA_mutacije\msf\Pupae_Thr_tRNA_05\interact-47663_e10670_MB032_Pupae_Thr_tRNA_05.pep.xml	HGVIPLSTYMRVFK	HGVIPLST[87]YM[147]RVFK	MFSRPFRK.HGVIPLSTYMRVFK.IGDIVDIK	K	I	14	3	4132.002	1650.896	1650.8945	551.3059	551.3054	1648.8759	550.6326	2.0186	0.7234	17.17	0.007435909	16.413	9.813	0.9045	2	1	22	35	0.0	10M(15.9949), 8T(-14.0156)		0.0	True	FBpp0311640	FBpp0311640	FBpp0311640		FBpp0311640		
47663_e10670_MB032_Pupae_Thr_tRNA_05.22010.22010.2	C:\Users\tanjag\Desktop\tRNA_mutacije\msf\Pupae_Thr_tRNA_05\interact-47663_e10670_MB032_Pupae_Thr_tRNA_05.pep.xml	RGILTLK	RGILT[87]LK	VGDEAQSK.RGILTLK.YPIEHGIV	K	Y	7	2	2209.142	785.5139	785.5121	393.7642	393.7633	785.5123	393.7634	-0.0002	0.972	3.317	0.002096524	21.214	14.444	0.8977	2	1	63	69	0.0	5T(-14.0156)		0.0	False	FBpp0311818	FBpp0311818	FBpp0311818		FBpp0311818		FBpp0309075, FBpp0312019
47663_e10670_MB032_Pupae_Thr_tRNA_05.19230.19230.3	C:\Users\tanjag\Desktop\tRNA_mutacije\msf\Pupae_Thr_tRNA_05\interact-47663_e10670_MB032_Pupae_Thr_tRNA_05.pep.xml	HGEANCEAIATTVEDK	HGEANCEAIAT[87]TVEDK	YSCKATNK.HGEANCEAIATTVEDK.NPFGAISG	K	N	16	3	1990.4174	1729.7625	1729.7589	577.5948	577.5936	1729.7577	577.5932	0.0012	0.489	1.1656	0.002100148	18.211	16.116	0.8921	2	0	952	967	0.0	11T(-14.0156), 6C(57.0214)		0.0	False	FBpp0309950	FBpp0309950	FBpp0309950		FBpp0309950		FBpp0309948, FBpp0309949, FBpp0309951, FBpp0309952
47663_e10670_MB032_Pupae_Thr_tRNA_05.31338.31338.2	C:\Users\tanjag\Desktop\tRNA_mutacije\msf\Pupae_Thr_tRNA_05\interact-47663_e10670_MB032_Pupae_Thr_tRNA_05.pep.xml	EITALAPSTIK	EIT[87]ALAPSTIK	GIADRMQK.EITALAPSTIK.IKIIAPPE	K	I	11	2	2947.2258	1128.64	1128.6376	565.3273	565.3261	1128.6389	565.3267	-0.0013	0.6685	0.573	0.0587856	14.0	7.254	0.8869	2	0	317	327	0.0	3T(-14.0156)		0.0	True	FBpp0312019	FBpp0312019	FBpp0312019		FBpp0312019		
47663_e10670_MB032_Pupae_Thr_tRNA_05.26475.26475.3	C:\Users\tanjag\Desktop\tRNA_mutacije\msf\Pupae_Thr_tRNA_05\interact-47663_e10670_MB032_Pupae_Thr_tRNA_05.pep.xml	KAEIGIAMGSGTAVAK	KAEIGIAM[147]GSGT[87]AVAK	VNDAPAIK.KAEIGIAMGSGTAVAK.SAAEMVIA	K	S	16	3	2561.5974	1504.7802	1504.7771	502.6007	502.5996	1504.7917	502.6045	-0.0146	0.643	22.5993	0.006764273	20.012	13.806	0.863	2	1	713	728	0.0	12T(-14.0156), 8M(15.9949)		0.0	True	FBpp0309946	FBpp0309946	FBpp0309946		FBpp0309946		
47663_e10670_MB032_Pupae_Thr_tRNA_05.03552.03552.2	C:\Users\tanjag\Desktop\tRNA_mutacije\msf\Pupae_Thr_tRNA_05\interact-47663_e10670_MB032_Pupae_Thr_tRNA_05.pep.xml	CEETLQSK	CEET[87]LQSK	IHAFSKVK.CEETLQSK.SIEIIKNR	K	S	8	2	762.4339	979.4286	979.4251	490.7216	490.7198	979.4281	490.7213	-0.0029	0.9747	6.6805	0.09925448	15.513	11.791	0.8573	2	0	511	518	0.0	1C(57.0214), 4T(-14.0156)		0.0	False	FBpp0311463	FBpp0311463	FBpp0311463		FBpp0311463		FBpp0311464
47663_e10670_MB032_Pupae_Thr_tRNA_05.25415.25415.2	C:\Users\tanjag\Desktop\tRNA_mutacije\msf\Pupae_Thr_tRNA_05\interact-47663_e10670_MB032_Pupae_Thr_tRNA_05.pep.xml	FTIPADQTK	FT[87]IPADQT[87]K	KTDTIIRR.FTIPADQTK.EDSFFANI	R	E	9	2	2477.9438	991.4991	991.4969	496.7568	496.7558	991.4976	496.7561	-0.0006	0.7696	1.4762	0.01310118	14.238	7.79	0.845	2	0	197	205	0.0	2T(-14.0156), 8T(-14.0156)		0.0	True	FBpp0311705	FBpp0311705	FBpp0311705		FBpp0311705		
47663_e10670_MB032_Pupae_Thr_tRNA_05.76804.76804.4	C:\Users\tanjag\Desktop\tRNA_mutacije\msf\Pupae_Thr_tRNA_05\interact-47663_e10670_MB032_Pupae_Thr_tRNA_05.pep.xml	DKFSPIWDEILSTNTSVPEATVEGLVEGNIYQFR	DKFSPIWDEILST[87]NTSVPEATVEGLVEGNIYQFR	SGYIIEKK.DKFSPIWDEILSTNTSVPEATVEGLVEGNIYQFR.VRAVNKAG	K	V	34	4	6554.7026	3839.9163	3839.902	960.9864	960.9828	3839.8892	960.9796	0.0129	0.7699	6.4393	2.425852	8.806	8.806	0.8234	2	1	2810	2843	0.0	13T(-14.0156)		0.0	True	FBpp0311242	FBpp0311242	FBpp0311242		FBpp0311242		
47663_e10670_MB032_Pupae_Thr_tRNA_05.52574.52574.3	C:\Users\tanjag\Desktop\tRNA_mutacije\msf\Pupae_Thr_tRNA_05\interact-47663_e10670_MB032_Pupae_Thr_tRNA_05.pep.xml	PTAIQSQGWPIALSGRDLVGIAQTGSGK	PTAIQSQGWPIALSGRDLVGIAQT[87]GSGK	MKRQGFTK.PTAIQSQGWPIALSGRDLVGIAQTGSGK.TIAYMIPA	K	T	28	3	4630.338	2795.448	2795.438	932.8233	932.8199	2793.4773	932.1664	1.9606	0.5264	4.8379	0.0005798984	22.003	15.223	0.823	2	1	260	287	0.0	24T(-14.0156)		0.0	True	FBpp0310551	FBpp0310551	FBpp0310551		FBpp0310551		
47663_e10670_MB032_Pupae_Thr_tRNA_05.72729.72729.3	C:\Users\tanjag\Desktop\tRNA_mutacije\msf\Pupae_Thr_tRNA_05\interact-47663_e10670_MB032_Pupae_Thr_tRNA_05.pep.xml	GLELSTEELPIRINLIAPPLYVMTTSTTK	GLELSTEELPIRINLIAPPLYVMTTSTT[87]K	AVKASITK.GLELSTEELPIRINLIAPPLYVMTTSTTK.KTDGIKAI	K	K	29	3	6229.7915	3185.7476	3185.7368	1062.9231	1062.9195	3185.7256	1062.9158	0.0112	0.7255	9.8258	0.1432188	16.876	15.007	0.8075	2	1	213	241	0.0	28T(-14.0156)		0.0	True	FBpp0309768	FBpp0309768	FBpp0309768		FBpp0309768		
47663_e10670_MB032_Pupae_Thr_tRNA_05.33434.33434.2	C:\Users\tanjag\Desktop\tRNA_mutacije\msf\Pupae_Thr_tRNA_05\interact-47663_e10670_MB032_Pupae_Thr_tRNA_05.pep.xml	EQFTALLRDVK	EQFT[87]ALLRDVK	DEKSEEHK.EQFTALLRDVK.NAFRPDNI	K	N	11	2	3113.277	1304.7117	1304.7102	653.3631	653.3624	1304.7087	653.3616	0.0014	0.8337	19.6411	0.002324507	20.344	12.692	0.8066	2	1	204	214	0.0	4T(-14.0156)		0.0	True	FBpp0309072	FBpp0309072	FBpp0309072		FBpp0309072		
47663_e10670_MB032_Pupae_Thr_tRNA_05.23057.23057.3	C:\Users\tanjag\Desktop\tRNA_mutacije\msf\Pupae_Thr_tRNA_05\interact-47663_e10670_MB032_Pupae_Thr_tRNA_05.pep.xml	LIPRNTVIPTK	LIPRNTVIPT[87]K	TVGGVMTK.LIPRNTVIPTK.KSQVFSTA	K	K	11	3	2291.7322	1236.7554	1236.7546	413.2591	413.2588	1236.7554	413.2591	-0.0007	0.9166	4.1439	1.088304	13.353	11.488	0.7447	2	1	436	446	0.0	10T(-14.0156)		0.0	True	FBpp0311376	FBpp0311376	FBpp0311376		FBpp0311376		
47663_e10670_MB032_Pupae_Thr_tRNA_05.72527.72527.3	C:\Users\tanjag\Desktop\tRNA_mutacije\msf\Pupae_Thr_tRNA_05\interact-47663_e10670_MB032_Pupae_Thr_tRNA_05.pep.xml	SLDILEQRIPLVYLPPEMMYWNTK	SLDILEQRIPLVYLPPEM[147]M[147]YWNT[87]K	RIDNVMCK.SLDILEQRIPLVYLPPEMMYWNTK.EYMSDHIV	K	E	24	3	6213.5444	2966.4453	2966.44	989.8224	989.8206	2966.492	989.8379	-0.052	0.761	14.3091	0.09339841	10.233	6.564	0.7395	2	1	84	107	0.0	18M(15.9949), 19M(15.9949), 23T(-14.0156)		0.0	True	FBpp0307010	FBpp0307010	FBpp0307010		FBpp0307010		
47663_e10670_MB032_Pupae_Thr_tRNA_05.63828.63828.6	C:\Users\tanjag\Desktop\tRNA_mutacije\msf\Pupae_Thr_tRNA_05\interact-47663_e10670_MB032_Pupae_Thr_tRNA_05.pep.xml	LSQVSDSVTGQTVVDPKGYLTDLQSMIPTYGGDINDIK	LSQVSDSVTGQTVVDPKGYLT[87]DLQSM[147]IPTYGGDINDIK	RNTIMNVK.LSQVSDSVTGQTVVDPKGYLTDLQSMIPTYGGDINDIK.KARIIIKS	K	K	38	6	5523.221	4057.9512	4057.9453	677.3325	677.3315	4055.9883	677.0053	1.957	0.4677	17.5379	0.001258944	17.573	17.573	0.7301	2	1	245	282	0.0	21T(-14.0156), 26M(15.9949)		0.0	True	FBpp0312391	FBpp0312391	FBpp0312391		FBpp0312391		
47663_e10670_MB032_Pupae_Thr_tRNA_05.80939.80939.2	C:\Users\tanjag\Desktop\tRNA_mutacije\msf\Pupae_Thr_tRNA_05\interact-47663_e10670_MB032_Pupae_Thr_tRNA_05.pep.xml	LCYVALDFEQEMATAAASTSLEK	LCYVALDFEQEM[147]AT[87]AAASTSLEK	IVRDIKEK.LCYVALDFEQEMATAAASTSLEK.SYEIPDGQ	K	S	23	2	6905.33	2550.193	2550.1804	1276.1038	1276.0975	2549.1665	1275.5905	1.0139	0.8216	67.7051	4.645151e-05	23.832	21.645	0.7209	2	0	217	239	0.0	12M(15.9949), 14T(-14.0156), 2C(57.0214)		0.0	True	FBpp0312019	FBpp0312019	FBpp0312019		FBpp0312019		
47663_e10670_MB032_Pupae_Thr_tRNA_05.21968.21968.3	C:\Users\tanjag\Desktop\tRNA_mutacije\msf\Pupae_Thr_tRNA_05\interact-47663_e10670_MB032_Pupae_Thr_tRNA_05.pep.xml	TVVAEYAIALSK	T[87]VVAEYAIALSK	AAHTSAGK.TVVAEYAIALSK.RDITRTIY	K	R	12	3	2205.8977	1252.7183	1252.7156	418.58	418.5791	1249.6918	417.5712	3.0238	0.8413	48.9656	0.06753314	17.372	13.294	0.7174	2	0	291	302	0.0	1T(-14.0156)		0.0	True	FBpp0306916	FBpp0306916	FBpp0306916		FBpp0306916		
47663_e10670_MB032_Pupae_Thr_tRNA_05.19529.19529.2	C:\Users\tanjag\Desktop\tRNA_mutacije\msf\Pupae_Thr_tRNA_05\interact-47663_e10670_MB032_Pupae_Thr_tRNA_05.pep.xml	LTPTFTSGK	LTPT[87]FTSGK	KWRHIRHK.LTPTFTSGK.MKNMFPIV	K	M	9	2	2013.8523	937.5132	937.5116	469.7639	469.7631	936.4916	469.2531	1.0199	0.8495	1.3976	1.977784	11.545	10.487	0.7056	2	0	132	140	0.0	4T(-14.0156)		0.0	True	FBpp0311631	FBpp0311631	FBpp0311631		FBpp0311631		
47663_e10670_MB032_Pupae_Thr_tRNA_05.76708.76708.5	C:\Users\tanjag\Desktop\tRNA_mutacije\msf\Pupae_Thr_tRNA_05\interact-47663_e10670_MB032_Pupae_Thr_tRNA_05.pep.xml	TGVMFMAMCPGLTNSEMIMNLRDNVTWHHSESMVEAIESAK	TGVMFMAMCPGLT[87]NSEM[147]IMNLRDNVTWHHSESM[147]VEAIESAK	GDKMIYQK.TGVMFMAMCPGLTNSEMIMNLRDNVTWHHSESMVEAIESAK.RQMPEEAA	K	R	41	5	6546.9473	4673.0596	4673.0444	935.6192	935.6162	4672.066	935.4205	0.9785	0.6026	35.3652	0.3649639	11.251	11.251	0.6974	2	1	174	214	0.0	13T(-14.0156), 17M(15.9949), 33M(15.9949), 9C(57.0214)		0.0	False	FBpp0310073	FBpp0310073	FBpp0310073		FBpp0310073		FBpp0310074
47663_e10670_MB032_Pupae_Thr_tRNA_05.30409.30409.4	C:\Users\tanjag\Desktop\tRNA_mutacije\msf\Pupae_Thr_tRNA_05\interact-47663_e10670_MB032_Pupae_Thr_tRNA_05.pep.xml	VLENRSQQDEERMDQLTNQLK	VLENRSQQDEERMDQLT[87]NQLK	DENNRMCK.VLENRSQQDEERMDQLTNQLK.EARMIAED	K	E	21	4	2873.2551	2560.2344	2560.2356	641.0659	641.0662	2559.2346	640.8159	1.0009	0.6738	5.1739	0.3190793	10.035	7.052	0.6916	2	2	129	149	0.0	17T(-14.0156)		0.0	False	FBpp0308613	FBpp0308613	FBpp0308613		FBpp0308613		FBpp0311407
