Sequence	Base Sequence	Protein Groups	Gene Names	Organism	Intensity_47661_e10668_MB032_Pupae_Thr_tRNA_03	Detection Type_47661_e10668_MB032_Pupae_Thr_tRNA_03
[Common Biological:Acetylation on X]AT[1 nucleotide substitution:T->S on T]SSHLNWLIIRNNNAFLLK	ATSSHLNWLIIRNNNAFLLK	FBpp0072957|FBpp0072959|FBpp0072960|FBpp0291506|FBpp0291507|FBpp0297522	|||||		1.500.405.484.375	MSMS
[Common Biological:Acetylation on X]MKVLFVC[Common Fixed:Carbamidomethyl on C]IGNT[1 nucleotide substitution:T->S on T]C[Common Fixed:Carbamidomethyl on C]RSPMAEAILK	MKVLFVCIGNTCRSPMAEAILK	FBpp0082309			0	MSMSIdentifiedButNotQuantified
[Common Biological:Acetylation on X]MVNITLPNT[1 nucleotide substitution:T->S on T]EERVNLLK	MVNITLPNTEERVNLLK	FBpp0082345|FBpp0311093	|		8.193.112.866.666.660	MSMS
[Common Biological:Acetylation on X]SETLQLRGTLIGHNGWVT[1 nucleotide substitution:T->S on T]QIATNPK	SETLQLRGTLIGHNGWVTQIATNPK	FBpp0079187|FBpp0303680|FBpp0311572	||		12.242.103.057.643.100	MSMS
[Common Biological:Acetylation on X]SGTT[1 nucleotide substitution:T->S on T]ATIRTRK	SGTTATIRTRK	FBpp0071846			2.542.001.015.625	MSMS
[Common Biological:Acetylation on X]SNIYIQEPPT[1 nucleotide substitution:T->S on T]SGK	SNIYIQEPPTSGK	FBpp0075761			0	MSMSAmbiguousPeakfinding
[Common Biological:Acetylation on X]T[1 nucleotide substitution:T->S on T]LLPDIK	TLLPDIK	FBpp0077553|FBpp0077554	|		0	MSMSAmbiguousPeakfinding
AAEATPT[1 nucleotide substitution:T->S on T]AAPEAATK	AAEATPTAAPEAATK	FBpp0074427|FBpp0074428|FBpp0074429|FBpp0074430	|||		2489525	MSMS
AAQTRSGNET[1 nucleotide substitution:T->S on T]YLDEYFSRAK	AAQTRSGNETYLDEYFSRAK	FBpp0084610			17.235.575.886.160.200	MSMS
AAVPEQPDVNANPSPST[1 nucleotide substitution:T->S on T]PAAEPAK	AAVPEQPDVNANPSPSTPAAEPAK	FBpp0074427|FBpp0074428|FBpp0074429|FBpp0074430	|||		2081735.75	MSMS
AAVVNFT[1 nucleotide substitution:T->S on T]SSLAK	AAVVNFTSSLAK	FBpp0100045|FBpp0100047|FBpp0100048|FBpp0100050|FBpp0100051	||||		464.864.709.375	MSMS
ADLEET[1 nucleotide substitution:T->S on T]GRVLSIGDGIARVYGLNNIQADEM[Common Variable:Oxidation on M]VEFSSGLK	ADLEETGRVLSIGDGIARVYGLNNIQADEMVEFSSGLK	FBpp0071794			0	MSMSIdentifiedButNotQuantified
AEADVEVT[1 nucleotide substitution:T->S on T]NEISAPYEVPQFPIEQIEK	AEADVEVTNEISAPYEVPQFPIEQIEK	FBpp0290266			10.410.463.899.771.000	MSMS
AESAETAT[1 nucleotide substitution:T->S on T]PVQTK	AESAETATPVQTK	FBpp0078561			9.691.011.875	MSMS
AEVTPAAQTAEAASDGATT[1 nucleotide substitution:T->S on T]ISELMK	AEVTPAAQTAEAASDGATTISELMK	FBpp0084240			0	MSMSIdentifiedButNotQuantified
AGAGSAT[1 nucleotide substitution:T->S on T]LSMAYAGARFAGSLLK	AGAGSATLSMAYAGARFAGSLLK	FBpp0082985			17.928.752.211.815.300	MSMS
AGLT[1 nucleotide substitution:T->S on T]ADDAK	AGLTADDAK	FBpp0076622|FBpp0311659	|		14.764.492.190.559.300	MSMS
AGPVVDVLGDEMT[1 nucleotide substitution:T->S on T]RIIWDSIK	AGPVVDVLGDEMTRIIWDSIK	FBpp0076390|FBpp0076391|FBpp0076392|FBpp0076393|FBpp0076394|FBpp0076396|FBpp0113040|FBpp0113041|FBpp0305272	||||||||		27.898.968.541.666.600	MSMS
AITT[1 nucleotide substitution:T->S on T]TSNTSSSDK	AITTTSNTSSSDK	FBpp0308239			10578940.5	MSMS
ALAISLDAPPSFFT[1 nucleotide substitution:T->S on T]DK	ALAISLDAPPSFFTDK	FBpp0083680			30.937.805.813.085.600	MSMS
ALLTM[Common Variable:Oxidation on M]RSTPLAT[1 nucleotide substitution:T->S on T]QANYVLWK	ALLTMRSTPLATQANYVLWK	FBpp0084698			3.360.400.557.961.760	MSMS
ALSDHHVYLEGT[1 nucleotide substitution:T->S on T]LLK	ALSDHHVYLEGTLLK	FBpp0084367|FBpp0084368|FBpp0084372|FBpp0302780|FBpp0308680;FBpp0089214|FBpp0297612|FBpp0302781	||||;||		13.514.495.729.166.600	MSMS
ANSPGTGST[1 nucleotide substitution:T->S on T]VRSLIFQRPETYTSK	ANSPGTGSTVRSLIFQRPETYTSK	FBpp0088252|FBpp0306689|FBpp0311463|FBpp0311464	|||		0	MSMSAmbiguousPeakfinding
ANSPGTGSTVRSLIFQRPET[1 nucleotide substitution:T->S on T]YTSK	ANSPGTGSTVRSLIFQRPETYTSK	FBpp0088252|FBpp0306689|FBpp0311463|FBpp0311464	|||		0	MSMSAmbiguousPeakfinding
APAQLT[1 nucleotide substitution:T->S on T]SEQK	APAQLTSEQK	FBpp0084087|FBpp0292528	|		0	MSMSIdentifiedButNotQuantified
AQYET[1 nucleotide substitution:T->S on T]FDFYMEK	AQYETFDFYMEK	FBpp0072365			51.856.900.625	MSMS
ARQGGDLGWQIRGAM[Common Variable:Oxidation on M]VGPFQDAAFALPIST[1 nucleotide substitution:T->S on T]VNNPVYTDPPIK	ARQGGDLGWQIRGAMVGPFQDAAFALPISTVNNPVYTDPPIK	FBpp0084190			0	MSMSIdentifiedButNotQuantified
ASATPSHPPT[1 nucleotide substitution:T->S on T]QQMGDASIKNLK	ASATPSHPPTQQMGDASIKNLK	FBpp0091080			1.092.844.484.345.330	MSMS
ASEPT[1 nucleotide substitution:T->S on T]VSFAADKDEK	ASEPTVSFAADKDEK	FBpp0085273|FBpp0085274|FBpp0099688	||		15.303.485.432.597.400	MSMS
ASLLRSSAPT[1 nucleotide substitution:T->S on T]K	ASLLRSSAPTK	FBpp0076146|FBpp0290650|FBpp0297350|FBpp0297351|FBpp0297352|FBpp0305991|FBpp0305992|FBpp0305993	|||||||		11.565.693.046.875	MSMS
AT[1 nucleotide substitution:T->S on T]SAATVPEK	ATSAATVPEK	FBpp0088093			68.055.073.046.875	MSMS
ATDQT[1 nucleotide substitution:T->S on T]FSEK	ATDQTFSEK	FBpp0080455;FBpp0080458;FBpp0080459;FBpp0080462;FBpp0298830			44.485.065.625	MSMS
AVGHVNDT[1 nucleotide substitution:T->S on T]LGPELIK	AVGHVNDTLGPELIK	FBpp0077571|FBpp0077572|FBpp0077573|FBpp0077574|FBpp0077575|FBpp0291325	|||||		17.169.380.941.939.600	MSMS
AVNGLPVFVT[1 nucleotide substitution:T->S on T]DDT[1 nucleotide substitution:T->S on T]GINDVSRFVQKMAVLGER	AVNGLPVFVTDDTGINDVSRFVQKMAVLGER	FBpp0075044			9.112.447.310.935.560	MSMS
AVT[1 nucleotide substitution:T->S on T]TVNLASTKVTDM[Common Variable:Oxidation on M]GK	AVTTVNLASTKVTDMGK	FBpp0304398			7.951.635.782.944.020	MSMS
C[Common Fixed:Carbamidomethyl on C]AGPAGQHDFGDEFT[1 nucleotide substitution:T->S on T]VK	CAGPAGQHDFGDEFTVK	FBpp0088252|FBpp0306689|FBpp0311463|FBpp0311464	|||		8.126.148.879.956.320	MSMS
C[Common Fixed:Carbamidomethyl on C]EET[1 nucleotide substitution:T->S on T]LQSK	CEETLQSK	FBpp0088252|FBpp0306689|FBpp0311463|FBpp0311464	|||		1.118.122.457.158.970	MSMS
C[Common Fixed:Carbamidomethyl on C]NET[1 nucleotide substitution:T->S on T]LDTQQK	CNETLDTQQK	FBpp0080455;FBpp0080458;FBpp0080459;FBpp0080462;FBpp0298830			17.565.535.546.875	MSMS
DAASVVGGAGGAGST[1 nucleotide substitution:T->S on T]AGGGGK	DAASVVGGAGGAGSTAGGGGK	FBpp0293091|FBpp0308351|FBpp0308352	||		25.652.270.703.125	MSMS
DAGHIAGLNVLRIINEPT[1 nucleotide substitution:T->S on T]AAALAYGLDK	DAGHIAGLNVLRIINEPTAAALAYGLDK	FBpp0081956|FBpp0081986|FBpp0082105|FBpp0082106|FBpp0082107|FBpp0082147	|||||		39.876.512.708.333.300	MSMS
DAGTIAGLNVLRIINEPT[1 nucleotide substitution:T->S on T]AAAIAYGLDK	DAGTIAGLNVLRIINEPTAAAIAYGLDK	FBpp0082514|FBpp0082515|FBpp0082516|FBpp0082517|FBpp0082518|FBpp0082519|FBpp0307982	||||||		8.915.372.375	MSMS
DEELT[1 nucleotide substitution:T->S on T]PKST[1 nucleotide substitution:T->S on T]QALK	DEELTPKSTQALK	FBpp0070614			5.946.509.916.666.660	MSMS
DGADNVLVT[1 nucleotide substitution:T->S on T]LYNPLAHSSTQYVRIPVK	DGADNVLVTLYNPLAHSSTQYVRIPVK	FBpp0292117			121.969.530.625	MSMS
DGLNT[1 nucleotide substitution:T->S on T]VQEGLQK	DGLNTVQEGLQK	FBpp0075575|FBpp0312079	|		4.663.158.625	MSMS
DHLLPDGLTIDT[1 nucleotide substitution:T->S on T]EGNLYVATFNGATIYK	DHLLPDGLTIDTEGNLYVATFNGATIYK	FBpp0073419|FBpp0073420|FBpp0073421|FBpp0073422	|||		0	MSMSIdentifiedButNotQuantified
DLFYEGIT[1 nucleotide substitution:T->S on T]IK	DLFYEGITIK	FBpp0072365			6297826.75	MSMS
DLIT[1 nucleotide substitution:T->S on T]NIGSGVGAAPAGGAAPAAAAAAPAAESK	DLITNIGSGVGAAPAGGAAPAAAAAAPAAESK	FBpp0077716|FBpp0304265	|		3.333.881.991.080.670	MSMS
DLPVETT[1 nucleotide substitution:T->S on T]T[1 nucleotide substitution:T->S on T]R	DLPVETTTR	FBpp0071726|FBpp0071727|FBpp0071728|FBpp0071729|FBpp0309749|FBpp0309750	|||||		16.384.112.945.468.900	MSMS
DLYANTVLSGGTT[1 nucleotide substitution:T->S on T]MYPGIADRMQK	DLYANTVLSGGTTMYPGIADRMQK	FBpp0070787|FBpp0070788|FBpp0100124|FBpp0100125|FBpp0311818;FBpp0085365	||||;		33460341.5	MSMS
DQKAVAAATSAAT[1 nucleotide substitution:T->S on T]GAT[1 nucleotide substitution:T->S on T]GK	DQKAVAAATSAATGATGK	FBpp0074688|FBpp0099808|FBpp0291256|FBpp0304462	|||		22.567.410.486.034.200	MSMS
DRT[1 nucleotide substitution:T->S on T]TPLLIGSVK	DRTTPLLIGSVK	FBpp0077343			520.683.296.875	MSMS
DRTTYT[1 nucleotide substitution:T->S on T]ELYYYTMMAFDGK	DRTTYTELYYYTMMAFDGK	FBpp0073484;FBpp0077690|FBpp0311765	;|		34.524.779.791.666.600	MSMS
DT[1 nucleotide substitution:T->S on T]PEYLRK	DTPEYLRK	FBpp0088093			38.160.511.795.406.700	MSMS
DVHEIVLVGGST[1 nucleotide substitution:T->S on T]RIPK	DVHEIVLVGGSTRIPK	FBpp0073445|FBpp0073446|FBpp0073447|FBpp0073448|FBpp0311376	||||		11.748.048.840.508.000	MSMS
DVSIYHADT[1 nucleotide substitution:T->S on T]MEPYYK	DVSIYHADTMEPYYK	FBpp0077690|FBpp0311765	|		9.411.155.666.666.660	MSMS
DVT[1 nucleotide substitution:T->S on T]IYHADTM[Common Variable:Oxidation on M]EK	DVTIYHADTMEK	FBpp0073484			5.267.856.927.083.330	MSMS
DVT[1 nucleotide substitution:T->S on T]IYHADTMEK	DVTIYHADTMEK	FBpp0073484			24.583.727.415.542.000	MSMS
DVVIANSGT[1 nucleotide substitution:T->S on T]LPVSEAFSVAK	DVVIANSGTLPVSEAFSVAK	FBpp0071844|FBpp0311613	|		1.226.456.086.841.600	MSMS
EAAST[1 nucleotide substitution:T->S on T]SPSARKSAVQEAK	EAASTSPSARKSAVQEAK	FBpp0086630			0	MSMSIdentifiedButNotQuantified
EDHT[1 nucleotide substitution:T->S on T]ALDLIIK	EDHTALDLIIK	FBpp0074517			329.548.596.875	MSMS
EEIAT[1 nucleotide substitution:T->S on T]VQEIKPGK	EEIATVQEIKPGK	FBpp0075482			6.562.300.820.434.810	MSMS
EELKLRLGIT[1 nucleotide substitution:T->S on T]C[Common Fixed:Carbamidomethyl on C]C[Common Fixed:Carbamidomethyl on C]AGIAYNK	EELKLRLGITCCAGIAYNK	FBpp0081293|FBpp0081294|FBpp0308676	||		0	MSMSIdentifiedButNotQuantified
EESNPAQEFLT[1 nucleotide substitution:T->S on T]K	EESNPAQEFLTK	FBpp0075575|FBpp0312079	|		32.472.786.875	MSMS
EEVPT[1 nucleotide substitution:T->S on T]IRLIK	EEVPTIRLIK	FBpp0075401|FBpp0312224	|		13.520.432.760.416.600	MSMS
EFSWTAEDRITYT[1 nucleotide substitution:T->S on T]ELYK	EFSWTAEDRITYTELYK	FBpp0072365			19.994.339.032.921.800	MSMS
EHGMILEVST[1 nucleotide substitution:T->S on T]QPK	EHGMILEVSTQPK	FBpp0077841			7.065.552.506.666.660	MSMS
EIT[1 nucleotide substitution:T->S on T]SLAPSTIK	EITSLAPSTIK	FBpp0071448			312.420.871.875	MSMS
EITALAPST[1 nucleotide substitution:T->S on T]MK	EITALAPSTMK	FBpp0070787|FBpp0070788|FBpp0100124|FBpp0100125|FBpp0311818;FBpp0085365	||||;		0	MSMSAmbiguousPeakfinding
EITSLAPST[1 nucleotide substitution:T->S on T]IK	EITSLAPSTIK	FBpp0071448			1.941.305.421.875	MSMS
EKYT[1 nucleotide substitution:T->S on T]EIVT[1 nucleotide substitution:T->S on T]TAFR	EKYTEIVTTAFR	FBpp0293659|FBpp0308300|FBpp0308301	||		8.716.643.128.243.170	MSMS
ELET[1 nucleotide substitution:T->S on T]ILK	ELETILK	FBpp0085854			193.518.184.375	MSMS
ELRFLDLRFNNLVT[1 nucleotide substitution:T->S on T]LDDK	ELRFLDLRFNNLVTLDDK	FBpp0081104			5.407.291.261.154.940	MSMS
ELT[1 nucleotide substitution:T->S on T]DRHIT[1 nucleotide substitution:T->S on T]C[Common Fixed:Carbamidomethyl on C]RDAASLPAIQDLK	ELTDRHITCRDAASLPAIQDLK	FBpp0080676			32.510.186.575.564.900	MSMS
EPAKPT[1 nucleotide substitution:T->S on T]EK	EPAKPTEK	FBpp0072808|FBpp0072809|FBpp0072810|FBpp0072811|FBpp0072812|FBpp0072813|FBpp0288779	||||||		7.871.292.539.557.460	MSMS
EQLISVT[1 nucleotide substitution:T->S on T]K	EQLISVTK	FBpp0112136			2.390.503.125	MSMS
EQVFEQAAQELKPT[1 nucleotide substitution:T->S on T]IPDSK	EQVFEQAAQELKPTIPDSK	FBpp0075067|FBpp0311791	|		30.281.714.583.333.300	MSMS
ET[1 nucleotide substitution:T->S on T]AKAIDR	ETAKAIDR	FBpp0084185|FBpp0308365	|		52.169.158.112.274	MSMS
ET[1 nucleotide substitution:T->S on T]IARVT[1 nucleotide substitution:T->S on T]GGMK	ETIARVTGGMK	FBpp0071050|FBpp0071051|FBpp0071052|FBpp0311458	|||		7.822.459.921.875	MSMS
ET[1 nucleotide substitution:T->S on T]ITDLDK	ETITDLDK	FBpp0088881			331.582.129.247.583	MSMS
ET[1 nucleotide substitution:T->S on T]LNQAASQLLPNAPK	ETLNQAASQLLPNAPK	FBpp0088252|FBpp0306689|FBpp0311463|FBpp0311464	|||		13.544.674.379.960.200	MSMS
ET[1 nucleotide substitution:T->S on T]VDLFHYLTSDIK	ETVDLFHYLTSDIK	FBpp0080009|FBpp0290465	|		9.540.591.328.125	MSMS
EVKT[1 nucleotide substitution:T->S on T]DAALPSSEK	EVKTDAALPSSEK	FBpp0079822|FBpp0079823|FBpp0297936	||		2.677.292.875	MSMS
EVT[1 nucleotide substitution:T->S on T]DLEIK	EVTDLEIK	FBpp0303749			30.522.084.375	MSMS
EYT[1 nucleotide substitution:T->S on T]NYGHFDYSFFNDYYTK	EYTNYGHFDYSFFNDYYTK	FBpp0073484			3.184.820.175.160.360	MSMS
FDEYGRMISLTDNRMNFMEIDEFT[1 nucleotide substitution:T->S on T]YTLK	FDEYGRMISLTDNRMNFMEIDEFTYTLK	FBpp0073484			13.345.580.270.590.200	MSMS
FDEYGRMISLTDNRMNFMEIDEFTYT[1 nucleotide substitution:T->S on T]LK	FDEYGRMISLTDNRMNFMEIDEFTYTLK	FBpp0073484			23.214.692.628.245.800	MSMS
FDQPAPAGT[1 nucleotide substitution:T->S on T]TYK	FDQPAPAGTTYK	FBpp0073419|FBpp0073420|FBpp0073421|FBpp0073422	|||		18.911.518.125	MSMS
FDVET[1 nucleotide substitution:T->S on T]INVLGNIIQGNADSVDK	FDVETINVLGNIIQGNADSVDK	FBpp0088363|FBpp0311507	|		95.668.650.625	MSMS
FDVET[1 nucleotide substitution:T->S on T]INVLGNIIQGNADSVDKK	FDVETINVLGNIIQGNADSVDKK	FBpp0088363|FBpp0311507	|		8.515.123.791.666.660	MSMS
FEELNLDLFRST[1 nucleotide substitution:T->S on T]LK	FEELNLDLFRSTLK	FBpp0073445|FBpp0073446|FBpp0073447|FBpp0073448|FBpp0311376	||||		11.616.553.229.166.600	MSMS
FFNSKPVT[1 nucleotide substitution:T->S on T]APAELDPPK	FFNSKPVTAPAELDPPK	FBpp0070455|FBpp0304590	|		9332457.25	MSMS
FFRSGSPVEYSGGRQAADIIAWVT[1 nucleotide substitution:T->S on T]K	FFRSGSPVEYSGGRQAADIIAWVTK	FBpp0075401|FBpp0312224	|		1.560.319.765.625	MSMS
FGDQVRGSIT[1 nucleotide substitution:T->S on T]LNLPEGAWLGDT[1 nucleotide substitution:T->S on T]AK	FGDQVRGSITLNLPEGAWLGDTAK	FBpp0086994|FBpp0086995	|		124.576.395.625	MSMS
FGFYDT[1 nucleotide substitution:T->S on T]EHGFDVHK	FGFYDTEHGFDVHK	FBpp0084828|FBpp0305400	|		357424066	MSMS
FGTLLGT[1 nucleotide substitution:T->S on T]EM[Common Variable:Oxidation on M]TSFHSK	FGTLLGTEMTSFHSK	FBpp0073215|FBpp0271878|FBpp0304986|FBpp0304987|FBpp0304988|FBpp0304989|FBpp0304990|FBpp0304991	|||||||		44.495.011.214.780.900	MSMS
FHLSRPFNFAVYLTT[1 nucleotide substitution:T->S on T]ERK	FHLSRPFNFAVYLTTERK	FBpp0088252|FBpp0306689|FBpp0311463|FBpp0311464	|||		8.208.709.920.975.660	MSMS
FILRENIYEFNQET[1 nucleotide substitution:T->S on T]K	FILRENIYEFNQETK	FBpp0077690|FBpp0311765	|		15823107.75	MSMS
FIYGGC[Common Fixed:Carbamidomethyl on C]GGNENRFGT[1 nucleotide substitution:T->S on T]QELC[Common Fixed:Carbamidomethyl on C]EQK	FIYGGCGGNENRFGTQELCEQK	FBpp0077235|FBpp0311679	|		2.065.409.651.892.230	MSMS
FNVLSQGSTNFAYT[1 nucleotide substitution:T->S on T]SPWSASILDLSGK	FNVLSQGSTNFAYTSPWSASILDLSGK	FBpp0078905|FBpp0309850	|		4.796.874.583.333.330	MSMS
FT[1 nucleotide substitution:T->S on T]IPADQT[1 nucleotide substitution:T->S on T]K	FTIPADQTK	FBpp0080260|FBpp0311705	|		6.802.189.049.310.170	MSMS
FTRVAIEGC[Common Fixed:Carbamidomethyl on C]DT[1 nucleotide substitution:T->S on T]TK	FTRVAIEGCDTTK	FBpp0077492			5.386.311.458.333.330	MSMS
FVEFIRLLRQSDSET[1 nucleotide substitution:T->S on T]LLELAAFPHPNK	FVEFIRLLRQSDSETLLELAAFPHPNK	FBpp0088252|FBpp0306689|FBpp0311463|FBpp0311464	|||		2.618.079.153.125	MSMS
FVLT[1 nucleotide substitution:T->S on T]PGTFYNDAEADK	FVLTPGTFYNDAEADK	FBpp0081581|FBpp0306685	|		20.521.586.961.532.400	MSMS
FVLTPGT[1 nucleotide substitution:T->S on T]FYNDAEADK	FVLTPGTFYNDAEADK	FBpp0081581|FBpp0306685	|		22.340.239.583.890.100	MSMS
FYMPVDYT[1 nucleotide substitution:T->S on T]RDIDFFNDETK	FYMPVDYTRDIDFFNDETK	FBpp0072365			16.755.447.916.666.600	MSMS
FYMPVDYT[1 nucleotide substitution:T->S on T]RDLNLYNK	FYMPVDYTRDLNLYNK	FBpp0077690|FBpp0311765	|		29.694.171.416.666.600	MSMS
FYMPVDYTRDIDFFNDET[1 nucleotide substitution:T->S on T]K	FYMPVDYTRDIDFFNDETK	FBpp0072365			21.252.721.916.666.600	MSMS
FYT[1 nucleotide substitution:T->S on T]EDGVWDLVGNNTPVFFIRDPILFPSFIHTQK	FYTEDGVWDLVGNNTPVFFIRDPILFPSFIHTQK	FBpp0074825			0	MSMSAmbiguousPeakfinding
FYTEDGVWDLVGNNTPVFFIRDPILFPSFIHT[1 nucleotide substitution:T->S on T]QK	FYTEDGVWDLVGNNTPVFFIRDPILFPSFIHTQK	FBpp0074825			0	MSMSAmbiguousPeakfinding
FYYIDT[1 nucleotide substitution:T->S on T]TDYEVK	FYYIDTTDYEVK	FBpp0073419|FBpp0073420|FBpp0073421|FBpp0073422	|||		2.378.207.044.700.170	MSMS
FYYIDTT[1 nucleotide substitution:T->S on T]DYEVK	FYYIDTTDYEVK	FBpp0073419|FBpp0073420|FBpp0073421|FBpp0073422	|||		2.005.521.046.875	MSMS
GAADFT[1 nucleotide substitution:T->S on T]AQVIVLNHPGQIANGYTPVLDC[Common Fixed:Carbamidomethyl on C]HTAHIAC[Common Fixed:Carbamidomethyl on C]K	GAADFTAQVIVLNHPGQIANGYTPVLDCHTAHIACK	FBpp0085193|FBpp0085194|FBpp0089103|FBpp0089104;FBpp0087142|FBpp0304260|FBpp0311272|FBpp0311273	|||		0	MSMSAmbiguousPeakfinding
GAADFTAQVIVLNHPGQIANGYT[1 nucleotide substitution:T->S on T]PVLDC[Common Fixed:Carbamidomethyl on C]HTAHIAC[Common Fixed:Carbamidomethyl on C]K	GAADFTAQVIVLNHPGQIANGYTPVLDCHTAHIACK	FBpp0085193|FBpp0085194|FBpp0089103|FBpp0089104;FBpp0087142|FBpp0304260|FBpp0311272|FBpp0311273	|||		0	MSMSAmbiguousPeakfinding
GAADFTAQVIVLNHPGQIANGYTPVLDC[Common Fixed:Carbamidomethyl on C]HT[1 nucleotide substitution:T->S on T]AHIAC[Common Fixed:Carbamidomethyl on C]K	GAADFTAQVIVLNHPGQIANGYTPVLDCHTAHIACK	FBpp0085193|FBpp0085194|FBpp0089103|FBpp0089104;FBpp0087142|FBpp0304260|FBpp0311272|FBpp0311273	|||		0	MSMSAmbiguousPeakfinding
GAPAAQNVLLVVQT[1 nucleotide substitution:T->S on T]APEIDHSPGFTR	GAPAAQNVLLVVQTAPEIDHSPGFTR	FBpp0086544|FBpp0086545|FBpp0311546	||		48572098.75	MSMS
GDKPTTIVREFTDNELITT[1 nucleotide substitution:T->S on T]LTIGNVK	GDKPTTIVREFTDNELITTLTIGNVK	FBpp0099726			4.719.216.889.987.820	MSMS
GDKPTTIVREFTDNELITTLT[1 nucleotide substitution:T->S on T]IGNVK	GDKPTTIVREFTDNELITTLTIGNVK	FBpp0099726			1.988.626.078.125	MSMS
GESNFFTT[1 nucleotide substitution:T->S on T]QM[Common Variable:Oxidation on M]IK	GESNFFTTQMIK	FBpp0084842			2.428.553.864.897.860	MSMS
GGAAT[1 nucleotide substitution:T->S on T]GGAPSARFGDIMTLAK	GGAATGGAPSARFGDIMTLAK	FBpp0070657			13.280.033.208.333.300	MSMS
GGKGLGFSIAGGIGNQHIPGDNGIYVT[1 nucleotide substitution:T->S on T]K	GGKGLGFSIAGGIGNQHIPGDNGIYVTK	FBpp0073341|FBpp0073342|FBpp0089350|FBpp0089351|FBpp0089352|FBpp0089353|FBpp0111724|FBpp0111725|FBpp0290504|FBpp0300431|FBpp0300432|FBpp0303416|FBpp0305459|FBpp0305460	|||||||||||||		15052891.65	MSMS
GGPGGIIC[Common Fixed:Carbamidomethyl on C]NIGSVTGFNAIYQVPVYSGT[1 nucleotide substitution:T->S on T]K	GGPGGIICNIGSVTGFNAIYQVPVYSGTK	FBpp0100045|FBpp0100047|FBpp0100048|FBpp0100050|FBpp0100051	||||		0	MSMSIdentifiedButNotQuantified
GIHGHRFMT[1 nucleotide substitution:T->S on T]IVIK	GIHGHRFMTIVIK	FBpp0090977			0	MSMSAmbiguousPeakfinding
GILAADESGPT[1 nucleotide substitution:T->S on T]MGK	GILAADESGPTMGK	FBpp0084367|FBpp0084368|FBpp0084372|FBpp0302780|FBpp0308680;FBpp0089214|FBpp0297612|FBpp0302781	||||;||		660.353.020.764.789	MSMS
GILGYTDEEVVST[1 nucleotide substitution:T->S on T]DFLSDTHSSVFDAK	GILGYTDEEVVSTDFLSDTHSSVFDAK	FBpp0073922|FBpp0304864	|		0	MSMSAmbiguousPeakfinding
GILGYTDEEVVSTDFLSDT[1 nucleotide substitution:T->S on T]HSSVFDAK	GILGYTDEEVVSTDFLSDTHSSVFDAK	FBpp0073922|FBpp0304864	|		0	MSMSAmbiguousPeakfinding
GINQT[1 nucleotide substitution:T->S on T]QLQTTAAK	GINQTQLQTTAAK	FBpp0079472			1.393.433.953.125	MSMS
GIVTTT[1 nucleotide substitution:T->S on T]AGQAGKR	GIVTTTAGQAGKR	FBpp0071036|FBpp0111859|FBpp0301970|FBpp0305405	|||		2.229.783.515.625	MSMS
GKNAVVT[1 nucleotide substitution:T->S on T]GGAGGIGLQVSKQLLAAGAAK	GKNAVVTGGAGGIGLQVSKQLLAAGAAK	FBpp0075184|FBpp0113028	|		0	MSMSIdentifiedButNotQuantified
GLGNLT[1 nucleotide substitution:T->S on T]LLDLSK	GLGNLTLLDLSK	FBpp0080080|FBpp0312090	|		0	MSMSAmbiguousPeakfinding
GNINAVTRRDYQET[1 nucleotide substitution:T->S on T]FEFINTLAK	GNINAVTRRDYQETFEFINTLAK	FBpp0076390|FBpp0076391|FBpp0076392|FBpp0076393|FBpp0076394|FBpp0076396|FBpp0113040|FBpp0113041|FBpp0305272	||||||||		7.030.997.174.510.410	MSMS
GSIFHRVIPNFM[Common Variable:Oxidation on M]C[Common Fixed:Carbamidomethyl on C]QGGDFT[1 nucleotide substitution:T->S on T]NHNGTGGK	GSIFHRVIPNFMCQGGDFTNHNGTGGK	FBpp0074017			0	MSMSIdentifiedButNotQuantified
GSLEDQVVQT[1 nucleotide substitution:T->S on T]NPVLEAFGNAK	GSLEDQVVQTNPVLEAFGNAK	FBpp0080455;FBpp0080458;FBpp0080459;FBpp0080462;FBpp0298830			6.657.837.981.531.600	MSMS
GT[1 nucleotide substitution:T->S on T]DGQVIDEVINDFK	GTDGQVIDEVINDFK	FBpp0076390|FBpp0076391|FBpp0076392|FBpp0076393|FBpp0076394|FBpp0076396|FBpp0113040|FBpp0113041|FBpp0305272	||||||||		7.642.468.281.315.050	MSMS
GVTSISADT[1 nucleotide substitution:T->S on T]HKYGFAPK	GVTSISADTHKYGFAPK	FBpp0086158|FBpp0086159	|		2.653.422.083.333.330	MSMS
GVVPLFGSEDEVTT[1 nucleotide substitution:T->S on T]QGLDDLAARC[Common Fixed:Carbamidomethyl on C]AQYK	GVVPLFGSEDEVTTQGLDDLAARCAQYK	FBpp0084367|FBpp0084368|FBpp0084372|FBpp0302780|FBpp0308680;FBpp0089214|FBpp0297612|FBpp0302781	||||;||		7.916.315.333.333.330	MSMS
HGEANC[Common Fixed:Carbamidomethyl on C]EAIAT[1 nucleotide substitution:T->S on T]TVEDK	HGEANCEAIATTVEDK	FBpp0112375;FBpp0309948|FBpp0309949|FBpp0309952	;||		12.288.487.447.916.600	MSMS
HIFT[1 nucleotide substitution:T->S on T]FDGLNFAYPGNC[Common Fixed:Carbamidomethyl on C]K	HIFTFDGLNFAYPGNCK	FBpp0088252|FBpp0306689|FBpp0311463|FBpp0311464	|||		9.614.517.821.459.070	MSMS
HTGSGILSMANAGANTNGSQFFIC[Common Fixed:Carbamidomethyl on C]T[1 nucleotide substitution:T->S on T]VK	HTGSGILSMANAGANTNGSQFFICTVK	FBpp0074017			25.640.437.942.980.800	MSMS
HVEVSELVT[1 nucleotide substitution:T->S on T]YFDLVDFDVTNMLNGK	HVEVSELVTYFDLVDFDVTNMLNGK	FBpp0073484			0	MSMSAmbiguousPeakfinding
HVEVSELVTYFDLVDFDVT[1 nucleotide substitution:T->S on T]NMLNGK	HVEVSELVTYFDLVDFDVTNMLNGK	FBpp0073484			0	MSMSAmbiguousPeakfinding
IDQNC[Common Fixed:Carbamidomethyl on C]VLGFEYSGINM[Common Variable:Oxidation on M]LT[1 nucleotide substitution:T->S on T]GRR	IDQNCVLGFEYSGINMLTGRR	FBpp0297101			2.838.669.576.040.300	MSMS
IFET[1 nucleotide substitution:T->S on T]INPTTAEVIAEIQC[Common Fixed:Carbamidomethyl on C]ADKEDIDIAVQAARNAFK	IFETINPTTAEVIAEIQCADKEDIDIAVQAARNAFK	FBpp0079406|FBpp0304847	|		16.475.471.635.562.800	MSMS
IFHRDEHT[1 nucleotide substitution:T->S on T]NVV	IFHRDEHTNVV	FBpp0088363|FBpp0311507	|		7.576.654.291.666.660	MSMS
IFREYLRIPTVHPNVDYT[1 nucleotide substitution:T->S on T]VC[Common Fixed:Carbamidomethyl on C]T[1 nucleotide substitution:T->S on T]EFLK	IFREYLRIPTVHPNVDYTVCTEFLK	FBpp0083741|FBpp0083742|FBpp0310703	||		8.628.080.484.375	MSMS
IFRT[1 nucleotide substitution:T->S on T]QGQALDK	IFRTQGQALDK	FBpp0079640|FBpp0311560	|		9.362.789.583.333.330	MSMS
IGALNAPPT[1 nucleotide substitution:T->S on T]K	IGALNAPPTK	FBpp0307168|FBpp0307169|FBpp0307170|FBpp0307171|FBpp0307172|FBpp0307173|FBpp0307174|FBpp0307175|FBpp0307176|FBpp0312564|FBpp0312565	||||||||||		12.437.782.047.700.300	MSMS
IGGIGTVPVGRVET[1 nucleotide substitution:T->S on T]GLLK	IGGIGTVPVGRVETGLLK	FBpp0085193|FBpp0085194|FBpp0089103|FBpp0089104	|||		0	MSMSAmbiguousPeakfinding
IGGIGTVPVGRVET[1 nucleotide substitution:T->S on T]GVLK	IGGIGTVPVGRVETGVLK	FBpp0087142|FBpp0304260|FBpp0311272|FBpp0311273	|||		8.779.864.083.333.330	MSMS
IGGIGTVPVGRVETGVLKPGT[1 nucleotide substitution:T->S on T]VVVFAPANITTEVK	IGGIGTVPVGRVETGVLKPGTVVVFAPANITTEVK	FBpp0087142|FBpp0304260|FBpp0311272|FBpp0311273	|||		1.008.457.828.125	MSMS
IGGIGTVPVGRVETGVLKPGTVVVFAPANITT[1 nucleotide substitution:T->S on T]EVK	IGGIGTVPVGRVETGVLKPGTVVVFAPANITTEVK	FBpp0087142|FBpp0304260|FBpp0311272|FBpp0311273	|||		113.777.980.625	MSMS
IGGT[1 nucleotide substitution:T->S on T]PIIGGQYVVSC[Common Fixed:Carbamidomethyl on C]DLIPQLPVIK	IGGTPIIGGQYVVSCDLIPQLPVIK	FBpp0087972			2.852.081.646.921.860	MSMS
IISFGGPVVRPWRSTVTLPC[Common Fixed:Carbamidomethyl on C]T[1 nucleotide substitution:T->S on T]AVGK	IISFGGPVVRPWRSTVTLPCTAVGK	FBpp0288823|FBpp0288824|FBpp0288825|FBpp0288826|FBpp0288827|FBpp0291333|FBpp0291334|FBpp0303367|FBpp0303368|FBpp0303369|FBpp0308278|FBpp0308279|FBpp0312398	||||||||||||		9.504.014.061.193.140	MSMS
ILGVKDVC[Common Fixed:Carbamidomethyl on C]TALYLLT[1 nucleotide substitution:T->S on T]NGRVSQHMNR	ILGVKDVCTALYLLTNGRVSQHMNR	FBpp0292849			76.817.633.515.625	MSMS
ILPAEAIQT[1 nucleotide substitution:T->S on T]EQPK	ILPAEAIQTEQPK	FBpp0075067|FBpp0311791	|		4.314.355.133.674.580	MSMS
IPYT[1 nucleotide substitution:T->S on T]VEKPYPVEVEK	IPYTVEKPYPVEVEK	FBpp0289450|FBpp0292878	|		0	MSMSAmbiguousPeakfinding
IQDLAVEKGT[1 nucleotide substitution:T->S on T]IHT[1 nucleotide substitution:T->S on T]K	IQDLAVEKGTIHTK	FBpp0076146|FBpp0290650|FBpp0297350|FBpp0297351|FBpp0297352|FBpp0305991|FBpp0305992|FBpp0305993	|||||||		198.137.221.875	MSMS
IQRFLSQPFQVAEVFT[1 nucleotide substitution:T->S on T]GHAGK	IQRFLSQPFQVAEVFTGHAGK	FBpp0088250|FBpp0305828|FBpp0311086	||		6.470.780.334.164.440	MSMS
IQT[1 nucleotide substitution:T->S on T]VENELDQTQEALTLVTGK	IQTVENELDQTQEALTLVTGK	FBpp0088896;FBpp0088898;FBpp0088903|FBpp0088906|FBpp0291171|FBpp0296934	;;|||		0	MSMSIdentifiedButNotQuantified
IRYESLT[1 nucleotide substitution:T->S on T]DPSK	IRYESLTDPSK	FBpp0072904|FBpp0305095	|		0	MSMSIdentifiedButNotQuantified
ISADAQIQTYADFRLPKQAVMT[1 nucleotide substitution:T->S on T]DLLK	ISADAQIQTYADFRLPKQAVMTDLLK	FBpp0079067|FBpp0079068|FBpp0291743|FBpp0306865|FBpp0311455	||||		4.855.418.690.012.620	MSMS
ISLTT[1 nucleotide substitution:T->S on T]QLEDTK	ISLTTQLEDTK	FBpp0080455;FBpp0080458;FBpp0080459;FBpp0080462;FBpp0298830			9.785.588.968.540.890	MSMS
ISYT[1 nucleotide substitution:T->S on T]SHGDLLGGMAVMGVSTMT[1 nucleotide substitution:T->S on T]K	ISYTSHGDLLGGMAVMGVSTMTK	FBpp0074073|FBpp0110321|FBpp0110322|FBpp0288560|FBpp0292672|FBpp0292673|FBpp0292674|FBpp0292675|FBpp0292676|FBpp0292677|FBpp0292678|FBpp0292679|FBpp0292680|FBpp0292681|FBpp0292682|FBpp0292683|FBpp0292684|FBpp0292685|FBpp0292686|FBpp0292687|FBpp0292688|FBpp0292689|FBpp0292690|FBpp0292691|FBpp0292692|FBpp0292693|FBpp0292694|FBpp0292695|FBpp0292696|FBpp0292697|FBpp0292698|FBpp0292699|FBpp0292700|FBpp0292701|FBpp0292702|FBpp0292703|FBpp0292704|FBpp0292705|FBpp0292706|FBpp0292707|FBpp0292708|FBpp0292709|FBpp0292710|FBpp0292712|FBpp0292713|FBpp0292714|FBpp0292715|FBpp0292716|FBpp0292717|FBpp0292718|FBpp0292719|FBpp0292720|FBpp0292721|FBpp0292722|FBpp0292723|FBpp0292724|FBpp0303597|FBpp0309614|FBpp0311217	||||||||||||||||||||||||||||||||||||||||||||||||||||||||||		0	MSMSAmbiguousPeakfinding
IT[1 nucleotide substitution:T->S on T]DFGLAK	ITDFGLAK	FBpp0071570|FBpp0071571	|		27.339.369.375	MSMS
IT[1 nucleotide substitution:T->S on T]GGVADAVSK	ITGGVADAVSK	FBpp0077780|FBpp0077781|FBpp0077782|FBpp0297434|FBpp0303502|FBpp0303503|FBpp0304613|FBpp0304614	|||||||		63.775.096.875	MSMS
IT[1 nucleotide substitution:T->S on T]GT[1 nucleotide substitution:T->S on T]DAIK	ITGTDAIK	FBpp0087095			603.153.059.375	MSMS
IT[1 nucleotide substitution:T->S on T]HLTPTEQEAVK	ITHLTPTEQEAVK	FBpp0111842			0	MSMSAmbiguousPeakfinding
IT[1 nucleotide substitution:T->S on T]PTLQELGIPTIEELGYDKPELALK	ITPTLQELGIPTIEELGYDKPELALK	FBpp0081947|FBpp0081948|FBpp0306911|FBpp0312586	|||		0	MSMSAmbiguousPeakfinding
ITPT[1 nucleotide substitution:T->S on T]LQELGIPTIEELGYDKPELALK	ITPTLQELGIPTIEELGYDKPELALK	FBpp0081947|FBpp0081948|FBpp0306911|FBpp0312586	|||		0	MSMSAmbiguousPeakfinding
ITT[1 nucleotide substitution:T->S on T]NLDIK	ITTNLDIK	FBpp0112147|FBpp0311911	|		102.090.603.125	MSMS
IVGNYLQGNADT[1 nucleotide substitution:T->S on T]FDK	IVGNYLQGNADTFDK	FBpp0072365			37.743.610.966.784.400	MSMS
IVSGLT[1 nucleotide substitution:T->S on T]LSDFAK	IVSGLTLSDFAK	FBpp0079640|FBpp0311560	|		0	MSMSIdentifiedButNotQuantified
IWC[Common Fixed:Carbamidomethyl on C]FGPDGTGPNFILDC[Common Fixed:Carbamidomethyl on C]T[1 nucleotide substitution:T->S on T]K	IWCFGPDGTGPNFILDCTK	FBpp0085265|FBpp0085266|FBpp0305182	||		2.737.156.759.914.940	MSMS
IWHHT[1 nucleotide substitution:T->S on T]FYNELRVAPEEHPVLLTEAPLNPK	IWHHTFYNELRVAPEEHPVLLTEAPLNPK	FBpp0070787|FBpp0070788|FBpp0100124|FBpp0100125|FBpp0311818;FBpp0071448;FBpp0082597;FBpp0085365	||||;;;		0	MSMSAmbiguousPeakfinding
KADVDLT[1 nucleotide substitution:T->S on T]K	KADVDLTK	FBpp0085585|FBpp0085586	|		1.099.700.484.375	MSMS
KAET[1 nucleotide substitution:T->S on T]GT[1 nucleotide substitution:T->S on T]QEKFK	KAETGTQEKFK	FBpp0087631|FBpp0087632|FBpp0087633|FBpp0297720	|||		27.289.698.407.698.500	MSMS
KAGDLT[1 nucleotide substitution:T->S on T]SVQVKISVLK	KAGDLTSVQVKISVLK	FBpp0087057|FBpp0087058|FBpp0308699|FBpp0312213	|||		26.683.075.416.666.600	MSMS
KAPAVST[1 nucleotide substitution:T->S on T]K	KAPAVSTK	FBpp0081139			0	MSMSAmbiguousPeakfinding
KASANET[1 nucleotide substitution:T->S on T]EDASEK	KASANETEDASEK	FBpp0288574			0	MSMSAmbiguousPeakfinding
KDANKAAET[1 nucleotide substitution:T->S on T]AAK	KDANKAAETAAK	FBpp0099857			0	MSMSAmbiguousPeakfinding
KEAARVT[1 nucleotide substitution:T->S on T]ISLK	KEAARVTISLK	FBpp0081201			0	MSMSIdentifiedButNotQuantified
KEAEPVYAT[1 nucleotide substitution:T->S on T]PEK	KEAEPVYATPEK	FBpp0075785|FBpp0301716|FBpp0306230	||		0	MSMSIdentifiedButNotQuantified
KEIDEIT[1 nucleotide substitution:T->S on T]K	KEIDEITK	FBpp0080489			3.764.233.993.779.020	MSMS
KELQT[1 nucleotide substitution:T->S on T]AT[1 nucleotide substitution:T->S on T]ETK	KELQTATETK	FBpp0078812			3.619.341.978.328.080	MSMS
KESNELT[1 nucleotide substitution:T->S on T]K	KESNELTK	FBpp0085033			14.323.879.344.395.900	MSMS
KET[1 nucleotide substitution:T->S on T]PAPSK	KETPAPSK	FBpp0297151|FBpp0297152	|		5.975.361.222.188.570	MSMS
KET[1 nucleotide substitution:T->S on T]TGSPK	KETTGSPK	FBpp0083514			2.895.788.203.125	MSMS
KEVVHT[1 nucleotide substitution:T->S on T]VT[1 nucleotide substitution:T->S on T]LHEIDVINSRTHGFLALFSGDTGEIK	KEVVHTVTLHEIDVINSRTHGFLALFSGDTGEIK	FBpp0074756|FBpp0304236|FBpp0311247	||		7.115.443.657.502.260	MSMS
KFFT[1 nucleotide substitution:T->S on T]SGSKTQPNK	KFFTSGSKTQPNK	FBpp0073641|FBpp0305109|FBpp0309344	||		2116072.75	MSMS
KFMASDT[1 nucleotide substitution:T->S on T]PER	KFMASDTPER	FBpp0271700			13.282.557.916.666.600	MSMS
KFT[1 nucleotide substitution:T->S on T]NAQESRIK	KFTNAQESRIK	FBpp0081490			7.698.413.416.666.660	MSMS
KGDLT[1 nucleotide substitution:T->S on T]PEK	KGDLTPEK	FBpp0073004|FBpp0073005	|		0	MSMSAmbiguousPeakfinding
KGIIHLYNVT[1 nucleotide substitution:T->S on T]LK	KGIIHLYNVTLK	FBpp0084187|FBpp0304467	|		5.944.735.208.333.330	MSMS
KIDEAPAAET[1 nucleotide substitution:T->S on T]VVK	KIDEAPAAETVVK	FBpp0074427|FBpp0074428|FBpp0074429|FBpp0074430	|||		1.485.287.359.984.310	MSMS
KLELADGYQPT[1 nucleotide substitution:T->S on T]LK	KLELADGYQPTLK	FBpp0077343			7.022.846.253.538.140	MSMS
KLEST[1 nucleotide substitution:T->S on T]STVQASK	KLESTSTVQASK	FBpp0111901|FBpp0111902|FBpp0111903|FBpp0111904|FBpp0309796|FBpp0310622	|||||		272.714.046.875	MSMS
KLNAM[Common Variable:Oxidation on M]ET[1 nucleotide substitution:T->S on T]KLK	KLNAMETKLK	FBpp0112071|FBpp0311743|FBpp0311744	||		12.499.400.208.333.300	MSMS
KPLPANMC[Common Fixed:Carbamidomethyl on C]YT[1 nucleotide substitution:T->S on T]ISTTGTTGKPK	KPLPANMCYTISTTGTTGKPK	FBpp0088615|FBpp0309217|FBpp0309218	||		0	MSMSAmbiguousPeakfinding
KQEKGNT[1 nucleotide substitution:T->S on T]EAK	KQEKGNTEAK	FBpp0088326			0	MSMSIdentifiedButNotQuantified
KSAPSDM[Common Variable:Oxidation on M]LLVQSIQIT[1 nucleotide substitution:T->S on T]DK	KSAPSDMLLVQSIQITDK	FBpp0084851|FBpp0084852	|		3.378.339.743.794.780	MSMS
KSISET[1 nucleotide substitution:T->S on T]DLK	KSISETDLK	FBpp0074959			0	MSMSAmbiguousPeakfinding
KSKT[1 nucleotide substitution:T->S on T]M[Common Variable:Oxidation on M]AEK	KSKTMAEK	FBpp0293884			9.676.972.490.856.530	MSMS
KST[1 nucleotide substitution:T->S on T]IT[1 nucleotide substitution:T->S on T]STPVSAVSSPAK	KSTITSTPVSAVSSPAK	FBpp0071578|FBpp0071579	|		16.404.560.104.166.600	MSMS
KST[1 nucleotide substitution:T->S on T]SSRELHENK	KSTSSRELHENK	FBpp0086549			15.228.289.351.638.100	MSMS
KT[1 nucleotide substitution:T->S on T]AAAPAAGK	KTAAAPAAGK	FBpp0072687			1.387.328.875	MSMS
KT[1 nucleotide substitution:T->S on T]VGSGPAK	KTVGSGPAK	FBpp0073100			20.357.609.032.805.300	MSMS
KT[1 nucleotide substitution:T->S on T]WAKVQSAK	KTWAKVQSAK	FBpp0078182			0	MSMSIdentifiedButNotQuantified
KTEETAAPAGAPEPT[1 nucleotide substitution:T->S on T]AAVAPAAVPEAK	KTEETAAPAGAPEPTAAVAPAAVPEAK	FBpp0074427|FBpp0074428|FBpp0074429|FBpp0074430	|||		38.631.048.541.666.600	MSMS
KVGGLGAT[1 nucleotide substitution:T->S on T]K	KVGGLGATK	FBpp0078191|FBpp0078192|FBpp0112099	||		0	MSMSAmbiguousPeakfinding
KWQYPDDAVT[1 nucleotide substitution:T->S on T]HC[Common Fixed:Carbamidomethyl on C]YLEC[Common Fixed:Carbamidomethyl on C]IFQK	KWQYPDDAVTHCYLECIFQK	FBpp0084828|FBpp0305400	|		4.783.565.957.918.140	MSMS
KWT[1 nucleotide substitution:T->S on T]SDILK	KWTSDILK	FBpp0311467			1.592.021.671.875	MSMS
KYDT[1 nucleotide substitution:T->S on T]SLGEKMR	KYDTSLGEKMR	FBpp0087106|FBpp0087107	|		3.269.835.010.299.470	MSMS
LAIT[1 nucleotide substitution:T->S on T]GAAGK	LAITGAAGK	FBpp0091029			0	MSMSAmbiguousPeakfinding
LAPAFT[1 nucleotide substitution:T->S on T]INIT[1 nucleotide substitution:T->S on T]IK	LAPAFTINITIK	FBpp0087411			2.841.960.875	MSMS
LAPITGVTAYT[1 nucleotide substitution:T->S on T]VNPGITRTTLVHTFNSWLDVEPQVAEK	LAPITGVTAYTVNPGITRTTLVHTFNSWLDVEPQVAEK	FBpp0100045|FBpp0100047|FBpp0100048|FBpp0100050|FBpp0100051	||||		5.040.625.698.833.290	MSMS
LAQMNILQYAT[1 nucleotide substitution:T->S on T]ESM[Common Variable:Oxidation on M]AFTISQNMDAGSK	LAQMNILQYATESMAFTISQNMDAGSK	FBpp0289511|FBpp0311550	|		2.630.040.215.094.330	MSMS
LC[Common Fixed:Carbamidomethyl on C]YVALDFEQEMAT[1 nucleotide substitution:T->S on T]AAASTSLEK	LCYVALDFEQEMATAAASTSLEK	FBpp0071448;FBpp0078131|FBpp0306215;FBpp0082597	;|;		1.619.418.369.432.450	MSMS
LDETNRT[1 nucleotide substitution:T->S on T]LNDFDASK	LDETNRTLNDFDASK	FBpp0080455;FBpp0080458;FBpp0080459;FBpp0080462;FBpp0298830			9.025.712.395.833.330	MSMS
LDLGT[1 nucleotide substitution:T->S on T]LEAIQWTK	LDLGTLEAIQWTK	FBpp0100045|FBpp0100047|FBpp0100048|FBpp0100050|FBpp0100051	||||		721.312.246.875	MSMS
LDLGTLEAIQWT[1 nucleotide substitution:T->S on T]K	LDLGTLEAIQWTK	FBpp0100045|FBpp0100047|FBpp0100048|FBpp0100050|FBpp0100051	||||		649.618.021.875	MSMS
LEGVET[1 nucleotide substitution:T->S on T]TNEDQK	LEGVETTNEDQK	FBpp0073290|FBpp0073291	|		20.583.559.095.216.300	MSMS
LEGVETT[1 nucleotide substitution:T->S on T]NEDQK	LEGVETTNEDQK	FBpp0073290|FBpp0073291	|		395953.25	MSMS
LELQALGIT[1 nucleotide substitution:T->S on T]M[Common Variable:Oxidation on M]QEKRYDYLK	LELQALGITMQEKRYDYLK	FBpp0289224			0	MSMSAmbiguousPeakfinding
LEQT[1 nucleotide substitution:T->S on T]LDELEDSLEREK	LEQTLDELEDSLEREK	FBpp0080455;FBpp0080458;FBpp0080459;FBpp0080462;FBpp0298830			1.710.221.699.537.960	MSMS
LESELQT[1 nucleotide substitution:T->S on T]LHSDLDELLNEAK	LESELQTLHSDLDELLNEAK	FBpp0080455;FBpp0080458;FBpp0080459;FBpp0080462;FBpp0298830			10.524.216.995.381.000	MSMS
LET[1 nucleotide substitution:T->S on T]QQATLQVEHAYVNALVK	LETQQATLQVEHAYVNALVK	FBpp0077343			7.873.801.750.120.000	MSMS
LFET[1 nucleotide substitution:T->S on T]LGASEAGK	LFETLGASEAGK	FBpp0080895|FBpp0305186	|		309.517.853.125	MSMS
LFLMSWC[Common Fixed:Carbamidomethyl on C]PDT[1 nucleotide substitution:T->S on T]AK	LFLMSWCPDTAK	FBpp0072097			8.370.509.098.238.830	MSMS
LFNEALLRQTT[1 nucleotide substitution:T->S on T]APAEPTLK	LFNEALLRQTTAPAEPTLK	FBpp0088093			39.028.296.666.666.600	MSMS
LGDSVAPRLAYGT[1 nucleotide substitution:T->S on T]ALAK	LGDSVAPRLAYGTALAK	FBpp0074898			0	MSMSAmbiguousPeakfinding
LGST[1 nucleotide substitution:T->S on T]FLADINNELFINKFYIENLQK	LGSTFLADINNELFINKFYIENLQK	FBpp0071170|FBpp0311872	|		282.819.209.375	MSMS
LGT[1 nucleotide substitution:T->S on T]AT[1 nucleotide substitution:T->S on T]VGLK	LGTATVGLK	FBpp0079538|FBpp0310201	|		7.873.528.125	MSMS
LGVEFDEET[1 nucleotide substitution:T->S on T]LDGRNVK	LGVEFDEETLDGRNVK	FBpp0099726			35.672.065.416.666.600	MSMS
LIQLASGNT[1 nucleotide substitution:T->S on T]NLK	LIQLASGNTNLK	FBpp0079406|FBpp0304847	|		931152.5	MSMS
LIST[1 nucleotide substitution:T->S on T]ANAAK	LISTANAAK	FBpp0080305|FBpp0304650	|		42.652.775.390.625	MSMS
LLAHPT[1 nucleotide substitution:T->S on T]QPSLAC[Common Fixed:Carbamidomethyl on C]AENFVK	LLAHPTQPSLACAENFVK	FBpp0100045|FBpp0100047|FBpp0100048|FBpp0100050|FBpp0100051	||||		14616719.5	MSMS
LLT[1 nucleotide substitution:T->S on T]ATESEVATQNRK	LLTATESEVATQNRK	FBpp0082535|FBpp0082536|FBpp0306048|FBpp0308613|FBpp0311407;FBpp0089270	||||;		0	MSMSAmbiguousPeakfinding
LLT[1 nucleotide substitution:T->S on T]MAGIEDC[Common Fixed:Carbamidomethyl on C]YTSARGSTGTLGNFAK	LLTMAGIEDCYTSARGSTGTLGNFAK	FBpp0079500|FBpp0303531|FBpp0311561	||		25.776.635.766.414.100	MSMS
LLTAT[1 nucleotide substitution:T->S on T]ESEVATQNRK	LLTATESEVATQNRK	FBpp0082535|FBpp0082536|FBpp0306048|FBpp0308613|FBpp0311407;FBpp0089270	||||;		7.616.771.487.674.560	MSMS
LLTATESEVAT[1 nucleotide substitution:T->S on T]QNRK	LLTATESEVATQNRK	FBpp0082535|FBpp0082536|FBpp0306048|FBpp0308613|FBpp0311407;FBpp0089270	||||;		0	MSMSAmbiguousPeakfinding
LM[Common Variable:Oxidation on M]DAT[1 nucleotide substitution:T->S on T]NSDYK	LMDATNSDYK	FBpp0088363|FBpp0311507	|		10.463.796.582.827.000	MSMS
LMDAT[1 nucleotide substitution:T->S on T]NSDYK	LMDATNSDYK	FBpp0088363|FBpp0311507	|		5.285.640.645.525.850	MSMS
LMGLGEHWYT[1 nucleotide substitution:T->S on T]EDK	LMGLGEHWYTEDK	FBpp0077690|FBpp0311765	|		6.026.388.666.666.660	MSMS
LNIIDT[1 nucleotide substitution:T->S on T]LSK	LNIIDTLSK	FBpp0074662			4.871.856.498.828.150	MSMS
LNKT[1 nucleotide substitution:T->S on T]GEALGALVADDDGAK	LNKTGEALGALVADDDGAK	FBpp0086747			0	MSMSIdentifiedButNotQuantified
LNLIQPEDYAPIPIYRVMDQDGYIADET[1 nucleotide substitution:T->S on T]QDPQLGREVVEK	LNLIQPEDYAPIPIYRVMDQDGYIADETQDPQLGREVVEK	FBpp0081545			2.981.685.353.674.320	MSMS
LNMGT[1 nucleotide substitution:T->S on T]PLNLAVAPLSPISEKPSLLDLPQEMLSR	LNMGTPLNLAVAPLSPISEKPSLLDLPQEMLSR	FBpp0099467|FBpp0310756	|		13.668.587.066.666.600	MSMS
LPT[1 nucleotide substitution:T->S on T]VNT[1 nucleotide substitution:T->S on T]IK	LPTVNTIK	FBpp0070875			0	MSMSAmbiguousPeakfinding
LQATLAAPSPAQQLT[1 nucleotide substitution:T->S on T]LNGGGPAST[1 nucleotide substitution:T->S on T]LSK	LQATLAAPSPAQQLTLNGGGPASTLSK	FBpp0297151|FBpp0297152	|		53.785.145.625	MSMS
LQPGALVT[1 nucleotide substitution:T->S on T]EGARLT[1 nucleotide substitution:T->S on T]LK	LQPGALVTEGARLTLK	FBpp0073861|FBpp0308748	|		31.086.262.057.622.000	MSMS
LQT[1 nucleotide substitution:T->S on T]LAQAK	LQTLAQAK	FBpp0073766|FBpp0073767|FBpp0073768|FBpp0073769|FBpp0303247|FBpp0303248|FBpp0303249|FBpp0303250|FBpp0312521	||||||||		10.088.435.703.125	MSMS
LRDGVTLT[1 nucleotide substitution:T->S on T]LSTLVDGK	LRDGVTLTLSTLVDGK	FBpp0079771|FBpp0079772|FBpp0100039|FBpp0293784|FBpp0304343	||||		2.601.687.783.039.500	MSMS
LRIHSINAT[1 nucleotide substitution:T->S on T]QASK	LRIHSINATQASK	FBpp0081370|FBpp0081371	|		4.006.797.680.894.630	MSMS
LRT[1 nucleotide substitution:T->S on T]AEDLQSARK	LRTAEDLQSARK	FBpp0087892|FBpp0308406	|		9.670.700.045.850.340	MSMS
LSAELASST[1 nucleotide substitution:T->S on T]ALLNASYQRSNGPAK	LSAELASSTALLNASYQRSNGPAK	FBpp0306919			0	MSMSAmbiguousPeakfinding
LSAST[1 nucleotide substitution:T->S on T]TSWQRGK	LSASTTSWQRGK	FBpp0071394|FBpp0071395|FBpp0298823|FBpp0305169	|||		0	MSMSAmbiguousPeakfinding
LSGT[1 nucleotide substitution:T->S on T]RPATAPVSK	LSGTRPATAPVSK	FBpp0085234|FBpp0085235;FBpp0306414	|;		0	MSMSAmbiguousPeakfinding
LSQT[1 nucleotide substitution:T->S on T]T[1 nucleotide substitution:T->S on T]PLK	LSQTTPLK	FBpp0081114			0	MSMSAmbiguousPeakfinding
LSQT[1 nucleotide substitution:T->S on T]TDIK	LSQTTDIK	FBpp0289993|FBpp0302733|FBpp0307034|FBpp0307035|FBpp0307036|FBpp0307037|FBpp0307038|FBpp0307039	|||||||		3.327.934.799.962.050	MSMS
LSSESLLHYVAQTFAAGRAAVVGVGIDNNT[1 nucleotide substitution:T->S on T]LAGFAQTLQFPSGGSK	LSSESLLHYVAQTFAAGRAAVVGVGIDNNTLAGFAQTLQFPSGGSK	FBpp0075069|FBpp0303947	|		0	MSMSIdentifiedButNotQuantified
LT[1 nucleotide substitution:T->S on T]ADVAAM[Common Variable:Oxidation on M]K	LTADVAAMK	FBpp0081985			436.347.783.640.035	MSMS
LT[1 nucleotide substitution:T->S on T]EAAEPT[1 nucleotide substitution:T->S on T]GKSK	LTEAAEPTGKSK	FBpp0309085			805.776.921.875	MSMS
LT[1 nucleotide substitution:T->S on T]GHPSTSGTFMKLK	LTGHPSTSGTFMKLK	FBpp0080409			247.224.953.125	MSMS
LT[1 nucleotide substitution:T->S on T]GMAFRVPTPNVSVVDLTVRLGK	LTGMAFRVPTPNVSVVDLTVRLGK	FBpp0073922|FBpp0304864;FBpp0087977|FBpp0099914	|		27.697.897.578.125	MSMS
LTGMAFRVPTPNVSVVDLT[1 nucleotide substitution:T->S on T]VRLGK	LTGMAFRVPTPNVSVVDLTVRLGK	FBpp0073922|FBpp0304864;FBpp0087977|FBpp0099914	|		2.248.712.140.625	MSMS
LTT[1 nucleotide substitution:T->S on T]NNFALGYTTK	LTTNNFALGYTTK	FBpp0079771|FBpp0079772|FBpp0100039|FBpp0293784|FBpp0304343	||||		13.762.623.776.689.300	MSMS
LTTPTYGDLNHLVSLTMSGVTT[1 nucleotide substitution:T->S on T]C[Common Fixed:Carbamidomethyl on C]LRFPGQLNADLRK	LTTPTYGDLNHLVSLTMSGVTTCLRFPGQLNADLRK	FBpp0085720			10.205.495.507.594.100	MSMS
LVLDDGSASSAT[1 nucleotide substitution:T->S on T]GDIHGNIDGVFEWISPEGVHVRVSYK	LVLDDGSASSATGDIHGNIDGVFEWISPEGVHVRVSYK	FBpp0087822|FBpp0305732	|		11676809.95	MSMS
LVTYYDIVDFDVT[1 nucleotide substitution:T->S on T]NLLNDK	LVTYYDIVDFDVTNLLNDK	FBpp0072365			608.085.694.759.954	MSMS
LWRDGRGAAQNIIPAST[1 nucleotide substitution:T->S on T]GAAK	LWRDGRGAAQNIIPASTGAAK	FBpp0073922|FBpp0304864	|		48.107.706.640.625	MSMS
LYGAVT[1 nucleotide substitution:T->S on T]PVKDQSVC[Common Fixed:Carbamidomethyl on C]GSC[Common Fixed:Carbamidomethyl on C]WSFGT[1 nucleotide substitution:T->S on T]IGHLEGAFFLK	LYGAVTPVKDQSVCGSCWSFGTIGHLEGAFFLK	FBpp0075508			16732736.75	MSMS
LYRFIVNEGHHYGHGDESFPGLFMHYDT[1 nucleotide substitution:T->S on T]SM[Common Variable:Oxidation on M]RDPIFYEVYK	LYRFIVNEGHHYGHGDESFPGLFMHYDTSMRDPIFYEVYK	FBpp0088363|FBpp0311507	|		18.097.387.570.499.700	MSMS
LYRFIVNEGHHYGHGDESFPGLFMHYDT[1 nucleotide substitution:T->S on T]SMRDPIFYEVYK	LYRFIVNEGHHYGHGDESFPGLFMHYDTSMRDPIFYEVYK	FBpp0088363|FBpp0311507	|		88.931.756.875	MSMS
M[Common Variable:Oxidation on M]PVIGIGTWQASDEEIET[1 nucleotide substitution:T->S on T]AIDAALEAGYRHIDTAPVYGNEK	MPVIGIGTWQASDEEIETAIDAALEAGYRHIDTAPVYGNEK	FBpp0081312			41.515.839.375	MSMS
MAIEYERMIDSIT[1 nucleotide substitution:T->S on T]KQT[1 nucleotide substitution:T->S on T]GMPPPK	MAIEYERMIDSITKQTGMPPPK	FBpp0082368			0	MSMSIdentifiedButNotQuantified
MFDWT[1 nucleotide substitution:T->S on T]GK	MFDWTGK	FBpp0079408|FBpp0310073|FBpp0310074	||		29.677.138.931.441.100	MSMS
MGNSLSPTVEVTLEGDTYTLTTT[1 nucleotide substitution:T->S on T]STFK	MGNSLSPTVEVTLEGDTYTLTTTSTFK	FBpp0099726			13.475.712.182.650.200	MSMS
MLNQITSSLADT[1 nucleotide substitution:T->S on T]LFK	MLNQITSSLADTLFK	FBpp0088252|FBpp0306689|FBpp0311463|FBpp0311464	|||		30.793.922.271.166.700	MSMS
MPVIGIGTWQASDEEIET[1 nucleotide substitution:T->S on T]AIDAALEAGYRHIDTAPVYGNEK	MPVIGIGTWQASDEEIETAIDAALEAGYRHIDTAPVYGNEK	FBpp0081312			0	MSMSIdentifiedButNotQuantified
MQGINVPVFVHASVALT[1 nucleotide substitution:T->S on T]EGKQAT[1 nucleotide substitution:T->S on T]GRPL	MQGINVPVFVHASVALTEGKQATGRPL	FBpp0290467			114685770.4	MSMS
NAVSLVT[1 nucleotide substitution:T->S on T]GGASGLGRATAERLAK	NAVSLVTGGASGLGRATAERLAK	FBpp0074285			0	MSMSIdentifiedButNotQuantified
NEFVPKT[1 nucleotide substitution:T->S on T]LLDLNLDGGGGGLNEDGTPSHISSSASPLPSPM[Common Variable:Oxidation on M]RSPAK	NEFVPKTLLDLNLDGGGGGLNEDGTPSHISSSASPLPSPMRSPAK	FBpp0083112|FBpp0083113|FBpp0306589	||		2.067.280.088.681.320	MSMS
NEHGT[1 nucleotide substitution:T->S on T]IVGYQNAK	NEHGTIVGYQNAK	FBpp0088988|FBpp0088990	|		20.548.764.583.333.300	MSMS
NFT[1 nucleotide substitution:T->S on T]QVHADFGRMLTEELNLAK	NFTQVHADFGRMLTEELNLAK	FBpp0074825			16.590.114.957.964.500	MSMS
NFVQIDSFVYPFIAGT[1 nucleotide substitution:T->S on T]NTIK	NFVQIDSFVYPFIAGTNTIK	FBpp0072365			124.416.328.125	MSMS
NFVQIDSFVYPFIAGTNT[1 nucleotide substitution:T->S on T]IK	NFVQIDSFVYPFIAGTNTIK	FBpp0072365			17679639	MSMS
NGT[1 nucleotide substitution:T->S on T]PPKLSFEITK	NGTPPKLSFEITK	FBpp0296945			0	MSMSAmbiguousPeakfinding
NIT[1 nucleotide substitution:T->S on T]GIAKGVAQWSSGK	NITGIAKGVAQWSSGK	FBpp0301056|FBpp0301057|FBpp0301058|FBpp0310725	|||		4.687.838.203.125	MSMS
NKT[1 nucleotide substitution:T->S on T]GFVK	NKTGFVK	FBpp0070624|FBpp0310174	|		61.945.121.875	MSMS
NLETC[Common Fixed:Carbamidomethyl on C]T[1 nucleotide substitution:T->S on T]VYYAPINFRDVMLTSGK	NLETCTVYYAPINFRDVMLTSGK	FBpp0077343			266.558.960.263.993	MSMS
NLETC[Common Fixed:Carbamidomethyl on C]TVYYAPINFRDVMLT[1 nucleotide substitution:T->S on T]SGK	NLETCTVYYAPINFRDVMLTSGK	FBpp0077343			3.681.958.823.097.570	MSMS
NLIFPNEPDVRQYLT[1 nucleotide substitution:T->S on T]C[Common Fixed:Carbamidomethyl on C]SAIK	NLIFPNEPDVRQYLTCSAIK	FBpp0084829			28.478.122.334.951.600	MSMS
NLVTTRET[1 nucleotide substitution:T->S on T]PK	NLVTTRETPK	FBpp0112030			0	MSMSAmbiguousPeakfinding
NM[Common Variable:Oxidation on M]FLT[1 nucleotide substitution:T->S on T]THVPALANK	NMFLTTHVPALANK	FBpp0077108|FBpp0304846	|		2.849.624.363.351.410	MSMS
NQLT[1 nucleotide substitution:T->S on T]TNPENTVFDAK	NQLTTNPENTVFDAK	FBpp0073445|FBpp0073446|FBpp0073447|FBpp0073448|FBpp0311376	||||		0	MSMSAmbiguousPeakfinding
NQLTT[1 nucleotide substitution:T->S on T]NPENTVFDAK	NQLTTNPENTVFDAK	FBpp0073445|FBpp0073446|FBpp0073447|FBpp0073448|FBpp0311376	||||		0	MSMSAmbiguousPeakfinding
NQVAM[Common Variable:Oxidation on M]NPNNT[1 nucleotide substitution:T->S on T]IFDAK	NQVAMNPNNTIFDAK	FBpp0075504			0	MSMSIdentifiedButNotQuantified
NQVAM[Common Variable:Oxidation on M]NPT[1 nucleotide substitution:T->S on T]QTIFDAK	NQVAMNPTQTIFDAK	FBpp0082514|FBpp0082515|FBpp0082516|FBpp0082517|FBpp0082518|FBpp0082519|FBpp0307982	||||||		8.475.542.336.080.240	MSMS
NRNEDSELRIEAYLSAISC[Common Fixed:Carbamidomethyl on C]PNAEVANQISEIVNSET[1 nucleotide substitution:T->S on T]VNQVGGFISSNLK	NRNEDSELRIEAYLSAISCPNAEVANQISEIVNSETVNQVGGFISSNLK	FBpp0088252|FBpp0306689|FBpp0311463|FBpp0311464	|||		0	MSMSIdentifiedButNotQuantified
NSNAVVSGSSSGT[1 nucleotide substitution:T->S on T]K	NSNAVVSGSSSGTK	FBpp0088415|FBpp0111866|FBpp0293151|FBpp0293152|FBpp0306997	||||		0	MSMSIdentifiedButNotQuantified
NSQNIVLVDGVRTPFLT[1 nucleotide substitution:T->S on T]SGTTYSK	NSQNIVLVDGVRTPFLTSGTTYSK	FBpp0072135			0	MSMSIdentifiedButNotQuantified
NT[1 nucleotide substitution:T->S on T]SFHGILLDSVMEGEEEMQNQVVSLVAEGIK	NTSFHGILLDSVMEGEEEMQNQVVSLVAEGIK	FBpp0077343			8.881.368.809.452.130	MSMS
NVET[1 nucleotide substitution:T->S on T]GEEAEDVYDTVLWAIGRK	NVETGEEAEDVYDTVLWAIGRK	FBpp0071115|FBpp0071116|FBpp0071117	||		50.070.769.732.163.100	MSMS
NVEVSDLT[1 nucleotide substitution:T->S on T]TYFDLVDFDVTNMLNDK	NVEVSDLTTYFDLVDFDVTNMLNDK	FBpp0077690|FBpp0311765	|		502.363.559.375	MSMS
NVEVSDLTT[1 nucleotide substitution:T->S on T]YFDLVDFDVTNM[Common Variable:Oxidation on M]LNDK	NVEVSDLTTYFDLVDFDVTNMLNDK	FBpp0077690|FBpp0311765	|		16.144.956.987.803.400	MSMS
NVIFVAGLGGIGLDT[1 nucleotide substitution:T->S on T]SK	NVIFVAGLGGIGLDTSK	FBpp0100045|FBpp0100047|FBpp0100048|FBpp0100050|FBpp0100051	||||		1.328.670.156.593.310	MSMS
NVQT[1 nucleotide substitution:T->S on T]ETVASK	NVQTETVASK	FBpp0071261|FBpp0310025	|		59.665.248.046.875	MSMS
NVTYADSLIFAEIEDT[1 nucleotide substitution:T->S on T]IRK	NVTYADSLIFAEIEDTIRK	FBpp0077468|FBpp0292146|FBpp0303858	||		8.250.128.121.497.020	MSMS
NYYEMET[1 nucleotide substitution:T->S on T]YANYDMLDK	NYYEMETYANYDMLDK	FBpp0077690|FBpp0311765	|		63.748.055.625	MSMS
PAEPGEFT[1 nucleotide substitution:T->S on T]K	PAEPGEFTK	FBpp0084012			871.137.703.125	MSMS
PAQKQLDQNT[1 nucleotide substitution:T->S on T]QAK	PAQKQLDQNTQAK	FBpp0077736|FBpp0304618|FBpp0304619|FBpp0311648	|||		11.122.275.779.603.000	MSMS
PAQLYT[1 nucleotide substitution:T->S on T]QLAKLPLT[1 nucleotide substitution:T->S on T]VLNASPGFINLC[Common Fixed:Carbamidomethyl on C]DALNGWQLVRELK	PAQLYTQLAKLPLTVLNASPGFINLCDALNGWQLVRELK	FBpp0084087|FBpp0292528	|		5.653.821.600.820.230	MSMS
PFEFT[1 nucleotide substitution:T->S on T]LDVTSDK	PFEFTLDVTSDK	FBpp0088363|FBpp0311507	|		0	MSMSAmbiguousPeakfinding
PFEFTLDVT[1 nucleotide substitution:T->S on T]SDK	PFEFTLDVTSDK	FBpp0088363|FBpp0311507	|		0	MSMSAmbiguousPeakfinding
PFNFEFT[1 nucleotide substitution:T->S on T]IDSDK	PFNFEFTIDSDK	FBpp0072365			32.596.313.257.376.900	MSMS
PFSYT[1 nucleotide substitution:T->S on T]YTIDSARDEK	PFSYTYTIDSARDEK	FBpp0073484			0	MSMSAmbiguousPeakfinding
PFSYTYT[1 nucleotide substitution:T->S on T]IDSARDEK	PFSYTYTIDSARDEK	FBpp0073484			0	MSMSAmbiguousPeakfinding
PFTYT[1 nucleotide substitution:T->S on T]YTIESEK	PFTYTYTIESEK	FBpp0077690|FBpp0311765	|		12.211.633.949.522.400	MSMS
PFVPVET[1 nucleotide substitution:T->S on T]PK	PFVPVETPK	FBpp0288974|FBpp0311250	|		1667036.75	MSMS
PGLVPGMPGNPTIT[1 nucleotide substitution:T->S on T]SDM[Common Variable:Oxidation on M]EEILQAK	PGLVPGMPGNPTITSDMEEILQAK	FBpp0290728|FBpp0291500|FBpp0291716|FBpp0309006|FBpp0309007|FBpp0311632	|||||		13.574.779.099.546.700	MSMS
PGT[1 nucleotide substitution:T->S on T]VVVFAPANITTEVK	PGTVVVFAPANITTEVK	FBpp0087142|FBpp0304260|FBpp0311272|FBpp0311273	|||		44.367.405.625	MSMS
PGTVVVFAPANIT[1 nucleotide substitution:T->S on T]TEVK	PGTVVVFAPANITTEVK	FBpp0087142|FBpp0304260|FBpp0311272|FBpp0311273	|||		646.192.659.375	MSMS
PGTVVVFAPANITT[1 nucleotide substitution:T->S on T]EVK	PGTVVVFAPANITTEVK	FBpp0087142|FBpp0304260|FBpp0311272|FBpp0311273	|||		7.986.262.627.016.760	MSMS
PIQAEPQT[1 nucleotide substitution:T->S on T]K	PIQAEPQTK	FBpp0075067|FBpp0311791	|		74.078.644.140.625	MSMS
PNMVT[1 nucleotide substitution:T->S on T]AGQSAK	PNMVTAGQSAK	FBpp0084367|FBpp0084368|FBpp0084372|FBpp0302780|FBpp0308680;FBpp0089214|FBpp0297612|FBpp0302781	||||;||		7.824.825.234.375	MSMS
PPSTLAT[1 nucleotide substitution:T->S on T]ST[1 nucleotide substitution:T->S on T]K	PPSTLATSTK	FBpp0076590			0	MSMSAmbiguousPeakfinding
PSSSSKVAPSSQNRASLEVT[1 nucleotide substitution:T->S on T]PPVT[1 nucleotide substitution:T->S on T]AQR	PSSSSKVAPSSQNRASLEVTPPVTAQR	FBpp0084826|FBpp0308774	|		22.048.974.597.770.300	MSMS
PT[1 nucleotide substitution:T->S on T]TIVREFTDNELITTLTIGNVK	PTTIVREFTDNELITTLTIGNVK	FBpp0099726			14.147.988.362.933.100	MSMS
PTLTT[1 nucleotide substitution:T->S on T]LTST[1 nucleotide substitution:T->S on T]PIK	PTLTTLTSTPIK	FBpp0088384|FBpp0309831	|		38.281.804.991.682.300	MSMS
PVAAAASAAQPT[1 nucleotide substitution:T->S on T]PADPPK	PVAAAASAAQPTPADPPK	FBpp0290713			0	MSMSAmbiguousPeakfinding
PVILT[1 nucleotide substitution:T->S on T]NQEREEIATVQEIKPGK	PVILTNQEREEIATVQEIKPGK	FBpp0075482			1.296.667.678.739.050	MSMS
PVPT[1 nucleotide substitution:T->S on T]IT[1 nucleotide substitution:T->S on T]SK	PVPTITSK	FBpp0086552			1.646.629.485.716.370	MSMS
PYAIVQDT[1 nucleotide substitution:T->S on T]RK	PYAIVQDTRK	FBpp0085265|FBpp0085266|FBpp0305182	||		10.469.967.375.680.200	MSMS
QEIPAT[1 nucleotide substitution:T->S on T]IK	QEIPATIK	FBpp0082841			3.308.882.439.616.450	MSMS
QELNIT[1 nucleotide substitution:T->S on T]PIDIM[Common Variable:Oxidation on M]NREK	QELNITPIDIMNREK	FBpp0111456|FBpp0111457|FBpp0292261|FBpp0292262|FBpp0310380|FBpp0310381	|||||		17138654.25	MSMS
QFNEAILRQPVDIQQQPLIAT[1 nucleotide substitution:T->S on T]APFAPQPIFK	QFNEAILRQPVDIQQQPLIATAPFAPQPIFK	FBpp0088093			38.446.091.066.659.400	MSMS
QGNFEVHLDVGLFQPGELT[1 nucleotide substitution:T->S on T]VK	QGNFEVHLDVGLFQPGELTVK	FBpp0076225			6.976.272.958.333.330	MSMS
QIDVET[1 nucleotide substitution:T->S on T]VADRNAEYDQFLEDIQK	QIDVETVADRNAEYDQFLEDIQK	FBpp0072097			1.862.732.196.321.010	MSMS
QIGNAVLESPLTT[1 nucleotide substitution:T->S on T]YAAERIDGAFT[1 nucleotide substitution:T->S on T]VGDK	QIGNAVLESPLTTYAAERIDGAFTVGDK	FBpp0083847|FBpp0307010	|		9.433.206.833.333.330	MSMS
QIST[1 nucleotide substitution:T->S on T]DAANAAMSSK	QISTDAANAAMSSK	FBpp0077803|FBpp0289115|FBpp0300573|FBpp0300574|FBpp0300575	||||		0	MSMSIdentifiedButNotQuantified
QIT[1 nucleotide substitution:T->S on T]SAAFGGPNLDILYVTTAAK	QITSAAFGGPNLDILYVTTAAK	FBpp0073419|FBpp0073420|FBpp0073421|FBpp0073422	|||		3.682.312.931.540.190	MSMS
QITSAAFGGPNLDILYVT[1 nucleotide substitution:T->S on T]TAAK	QITSAAFGGPNLDILYVTTAAK	FBpp0073419|FBpp0073420|FBpp0073421|FBpp0073422	|||		15.901.341.287.087.100	MSMS
QITSAAFGGPNLDILYVTT[1 nucleotide substitution:T->S on T]AAK	QITSAAFGGPNLDILYVTTAAK	FBpp0073419|FBpp0073420|FBpp0073421|FBpp0073422	|||		2.531.482.126.549.960	MSMS
QKAAT[1 nucleotide substitution:T->S on T]EPK	QKAATEPK	FBpp0073003|FBpp0301570|FBpp0301573	||		13.594.804.940.150.900	MSMS
QKSDLTGLKM[Common Variable:Oxidation on M]T[1 nucleotide substitution:T->S on T]SLHK	QKSDLTGLKMTSLHK	FBpp0080734|FBpp0309712	|		0	MSMSIdentifiedButNotQuantified
QLEDIFVSDLST[1 nucleotide substitution:T->S on T]ISEQC[Common Fixed:Carbamidomethyl on C]KNIK	QLEDIFVSDLSTISEQCKNIK	FBpp0310589|FBpp0310590|FBpp0310591|FBpp0310592|FBpp0310593|FBpp0310594|FBpp0310595|FBpp0310596	|||||||		13.606.748.251.087.900	MSMS
QLEMT[1 nucleotide substitution:T->S on T]AAK	QLEMTAAK	FBpp0070267|FBpp0291384|FBpp0291385|FBpp0311618	|||		26.723.207.987.699.400	MSMS
QLISIT[1 nucleotide substitution:T->S on T]DLNAK	QLISITDLNAK	FBpp0293418			7.919.121.694.150.210	MSMS
QLQHT[1 nucleotide substitution:T->S on T]LNEVQSK	QLQHTLNEVQSK	FBpp0080455;FBpp0080458;FBpp0080459;FBpp0080462;FBpp0298830			7.027.127.083.333.330	MSMS
QLT[1 nucleotide substitution:T->S on T]AGNT[1 nucleotide substitution:T->S on T]PK	QLTAGNTPK	FBpp0070267|FBpp0291384|FBpp0291385|FBpp0311618	|||		26.980.224.404.052.900	MSMS
QNPLVT[1 nucleotide substitution:T->S on T]DLALYDIVHTPGVAADLSHIDTK	QNPLVTDLALYDIVHTPGVAADLSHIDTK	FBpp0082985			18.059.848.157.957.400	MSMS
QNPLVTDLALYDIVHTPGVAADLSHIDT[1 nucleotide substitution:T->S on T]K	QNPLVTDLALYDIVHTPGVAADLSHIDTK	FBpp0082985			16.370.003.125	MSMS
QRLSEEANT[1 nucleotide substitution:T->S on T]GAK	QRLSEEANTGAK	FBpp0084013			0	MSMSIdentifiedButNotQuantified
QRSQT[1 nucleotide substitution:T->S on T]QPGEDGK	QRSQTQPGEDGK	FBpp0086295|FBpp0086296|FBpp0086297	||		8.191.334.370.331.740	MSMS
QT[1 nucleotide substitution:T->S on T]LERNFDIVLSAQEIRQLTFGALK	QTLERNFDIVLSAQEIRQLTFGALK	FBpp0077343			12.316.740.784.252.800	MSMS
QT[1 nucleotide substitution:T->S on T]RDLATM[Common Variable:Oxidation on M]NQVRGWVMNTDEGTVK	QTRDLATMNQVRGWVMNTDEGTVK	FBpp0086725			9.751.759.864.583.280	MSMS
QVDEFT[1 nucleotide substitution:T->S on T]NLK	QVDEFTNLK	FBpp0087140|FBpp0304737	|		5.544.077.857.557.520	MSMS
QVHPDT[1 nucleotide substitution:T->S on T]GISSK	QVHPDTGISSK	FBpp0085281|FBpp0091113|FBpp0091115|FBpp0091117|FBpp0091119|FBpp0091121|FBpp0091123|FBpp0091125|FBpp0091127|FBpp0091129|FBpp0091131|FBpp0091133|FBpp0091135|FBpp0091137|FBpp0091139|FBpp0091141|FBpp0091143|FBpp0091145|FBpp0091147|FBpp0091149|FBpp0091151|FBpp0091153|FBpp0091155	||||||||||||||||||||||		4.407.873.729.039.540	MSMS
QVST[1 nucleotide substitution:T->S on T]IKNNAIMLESHLQK	QVSTIKNNAIMLESHLQK	FBpp0074986|FBpp0291418	|		0	MSMSAmbiguousPeakfinding
RIGNVGFFVEPT[1 nucleotide substitution:T->S on T]VFSDVK	RIGNVGFFVEPTVFSDVK	FBpp0084452			2004323	MSMS
RLT[1 nucleotide substitution:T->S on T]LSSSK	RLTLSSSK	FBpp0271831			356.982.546.875	MSMS
RLVT[1 nucleotide substitution:T->S on T]AVNEIEK	RLVTAVNEIEK	FBpp0076270;FBpp0076272|FBpp0303940|FBpp0311280;FBpp0076273	;||;		732.206.078.125	MSMS
RQILFET[1 nucleotide substitution:T->S on T]TQK	RQILFETTQK	FBpp0088252|FBpp0306689|FBpp0311463|FBpp0311464	|||		49.279.121.875	MSMS
RQILFETT[1 nucleotide substitution:T->S on T]QK	RQILFETTQK	FBpp0088252|FBpp0306689|FBpp0311463|FBpp0311464	|||		7.113.786.866.908.670	MSMS
RST[1 nucleotide substitution:T->S on T]VAQIVK	RSTVAQIVK	FBpp0071794			6.844.238.816.216.740	MSMS
RT[1 nucleotide substitution:T->S on T]C[Common Fixed:Carbamidomethyl on C]GDLSTESK	RTCGDLSTESK	FBpp0078218			2042879	MSMS
RT[1 nucleotide substitution:T->S on T]GAIVDVPVGDELLGRVVDALGNAIDGK	RTGAIVDVPVGDELLGRVVDALGNAIDGK	FBpp0071794			10.933.659.375	MSMS
RTIQFVDWC[Common Fixed:Carbamidomethyl on C]PT[1 nucleotide substitution:T->S on T]GFK	RTIQFVDWCPTGFK	FBpp0081062|FBpp0081153	|		11821537.5	MSMS
RVT[1 nucleotide substitution:T->S on T]ITLK	RVTITLK	FBpp0290840			55.092.258.125	MSMS
SAAVT[1 nucleotide substitution:T->S on T]T[1 nucleotide substitution:T->S on T]IAK	SAAVTTIAK	FBpp0073418|FBpp0308689	|		12.009.316.828.869.000	MSMS
SAENIAQVST[1 nucleotide substitution:T->S on T]ELGAK	SAENIAQVSTELGAK	FBpp0076146|FBpp0290650|FBpp0297350|FBpp0297351|FBpp0297352|FBpp0305991|FBpp0305992|FBpp0305993	|||||||		18.667.992.577.875.200	MSMS
SAKIEIT[1 nucleotide substitution:T->S on T]RLLEEIK	SAKIEITRLLEEIK	FBpp0304777|FBpp0390639	|		5.529.974.442.123.870	MSMS
SAKLC[Common Fixed:Carbamidomethyl on C]AC[Common Fixed:Carbamidomethyl on C]GLVT[1 nucleotide substitution:T->S on T]IINKM[Common Variable:Oxidation on M]NINEVAIGIDGSVYR	SAKLCACGLVTIINKMNINEVAIGIDGSVYR	FBpp0084383			94592495.75	MSMS
SDQSAGVSLIAT[1 nucleotide substitution:T->S on T]IANILGLRDTK	SDQSAGVSLIATIANILGLRDTK	FBpp0077343			2.214.574.417.316.730	MSMS
SEPKT[1 nucleotide substitution:T->S on T]LGQIK	SEPKTLGQIK	FBpp0086056			69.271.620.703.125	MSMS
SFC[Common Fixed:Carbamidomethyl on C]DNC[Common Fixed:Carbamidomethyl on C]VEQIIT[1 nucleotide substitution:T->S on T]EK	SFCDNCVEQIITEK	FBpp0088252|FBpp0306689|FBpp0311463|FBpp0311464	|||		27.241.539.179.948.200	MSMS
SGLTT[1 nucleotide substitution:T->S on T]VAAQM[Common Variable:Oxidation on M]ALK	SGLTTVAAQMALK	FBpp0082345|FBpp0311093	|		32.014.494.621.763.400	MSMS
SGPLLAHIPLNRFC[Common Fixed:Carbamidomethyl on C]EVQEVVDAT[1 nucleotide substitution:T->S on T]GYLLSSK	SGPLLAHIPLNRFCEVQEVVDATGYLLSSK	FBpp0074425|FBpp0302589|FBpp0311891	||		0	MSMSIdentifiedButNotQuantified
SGT[1 nucleotide substitution:T->S on T]VGFQHRLTK	SGTVGFQHRLTK	FBpp0085717|FBpp0309436	|		11.999.358.895.137.300	MSMS
SIDIPWTT[1 nucleotide substitution:T->S on T]SDVTPLVEIYRQVMLQLK	SIDIPWTTSDVTPLVEIYRQVMLQLK	FBpp0075491|FBpp0075492|FBpp0308598	||		10.776.475.166.120.100	MSMS
SIIT[1 nucleotide substitution:T->S on T]LDGNK	SIITLDGNK	FBpp0099726			838.607.171.875	MSMS
SIQQEPEPTLASAET[1 nucleotide substitution:T->S on T]ALK	SIQQEPEPTLASAETALK	FBpp0075067|FBpp0311791	|		31.786.785.849.339.700	MSMS
SLATT[1 nucleotide substitution:T->S on T]C[Common Fixed:Carbamidomethyl on C]VASK	SLATTCVASK	FBpp0077343			81.230.573.828.125	MSMS
SLGFT[1 nucleotide substitution:T->S on T]FT[1 nucleotide substitution:T->S on T]EIKNK	SLGFTFTEIKNK	FBpp0075724			3032140.75	MSMS
SPIAEVPQPVQDT[1 nucleotide substitution:T->S on T]PEVK	SPIAEVPQPVQDTPEVK	FBpp0088093			2781147.75	MSMS
SQEVQDLLLLDVT[1 nucleotide substitution:T->S on T]PLSLGIETAGGVMSVLIK	SQEVQDLLLLDVTPLSLGIETAGGVMSVLIK	FBpp0082514|FBpp0082515|FBpp0082516|FBpp0082517|FBpp0082518|FBpp0082519|FBpp0307982	||||||		8.228.690.203.172.210	MSMS
SSAPDVET[1 nucleotide substitution:T->S on T]APAIPEK	SSAPDVETAPAIPEK	FBpp0074427|FBpp0074428|FBpp0074429|FBpp0074430	|||		2611695.25	MSMS
SSEFYWT[1 nucleotide substitution:T->S on T]VK	SSEFYWTVK	FBpp0077690|FBpp0311765	|		49.573.646.875	MSMS
SSLAT[1 nucleotide substitution:T->S on T]ATLTPGGDAINDQEAK	SSLATATLTPGGDAINDQEAK	FBpp0075343			32.859.599.375	MSMS
ST[1 nucleotide substitution:T->S on T]ELLIRK	STELLIRK	FBpp0071280|FBpp0071281|FBpp0071282|FBpp0078649|FBpp0305716|FBpp0305717|FBpp0309302;FBpp0085250|FBpp0091051|FBpp0091053|FBpp0091056|FBpp0091058|FBpp0091061|FBpp0091064|FBpp0091067|FBpp0091070|FBpp0091073|FBpp0091076|FBpp0091079|FBpp0091082|FBpp0091085|FBpp0091088|FBpp0091091|FBpp0091094|FBpp0091097|FBpp0091100|FBpp0091103|FBpp0091106|FBpp0091109|FBpp0091112	||||||;||||||||||||||||||||||		8.641.001.060.645.300	MSMS
ST[1 nucleotide substitution:T->S on T]ETVAESAPVLK	STETVAESAPVLK	FBpp0074427|FBpp0074428|FBpp0074429|FBpp0074430	|||		245.487.015.625	MSMS
STAGDTHLGGEDFDNRLVT[1 nucleotide substitution:T->S on T]HFVQEFK	STAGDTHLGGEDFDNRLVTHFVQEFK	FBpp0082514|FBpp0082515|FBpp0082516|FBpp0082517|FBpp0082518|FBpp0082519|FBpp0307982	||||||		16.813.905.086.683.300	MSMS
STDFAWT[1 nucleotide substitution:T->S on T]VK	STDFAWTVK	FBpp0073484			42.695.960.625	MSMS
STEKEIILQFAPWESFVSPT[1 nucleotide substitution:T->S on T]FWHKLAELK	STEKEIILQFAPWESFVSPTFWHKLAELK	FBpp0085891			317.144.734.375	MSMS
STET[1 nucleotide substitution:T->S on T]VAESAPVLK	STETVAESAPVLK	FBpp0074427|FBpp0074428|FBpp0074429|FBpp0074430	|||		28.491.589.375	MSMS
STGIT[1 nucleotide substitution:T->S on T]HNEGGWPK	STGITHNEGGWPK	FBpp0290541|FBpp0305003	|		22.456.548.541.666.600	MSMS
STLLDVIQSGLENHDSGVGIYAPDAEAYT[1 nucleotide substitution:T->S on T]VFADLFDPIIEDYHGGFKK	STLLDVIQSGLENHDSGVGIYAPDAEAYTVFADLFDPIIEDYHGGFKK	FBpp0076270;FBpp0076272|FBpp0303940|FBpp0311280;FBpp0076273	;||;		6.209.193.151.485.120	MSMS
STT[1 nucleotide substitution:T->S on T]TGHLIYK	STTTGHLIYK	FBpp0085193|FBpp0085194|FBpp0089103|FBpp0089104;FBpp0087142|FBpp0304260|FBpp0311272|FBpp0311273	|||		19.368.727.229.752.900	MSMS
STTT[1 nucleotide substitution:T->S on T]GHLIYK	STTTGHLIYK	FBpp0085193|FBpp0085194|FBpp0089103|FBpp0089104;FBpp0087142|FBpp0304260|FBpp0311272|FBpp0311273	|||		9.853.155.974.786.120	MSMS
STTTIFETQPAAQPQGIFQRGSFTDQQT[1 nucleotide substitution:T->S on T]PQPIDETPEVK	STTTIFETQPAAQPQGIFQRGSFTDQQTPQPIDETPEVK	FBpp0088093			2.272.013.118.255.160	MSMS
SVIHDIVLVGGST[1 nucleotide substitution:T->S on T]RIPK	SVIHDIVLVGGSTRIPK	FBpp0082514|FBpp0082515|FBpp0082516|FBpp0082517|FBpp0082518|FBpp0082519|FBpp0307982	||||||		10.939.152.083.333.300	MSMS
SVKDVT[1 nucleotide substitution:T->S on T]PK	SVKDVTPK	FBpp0072704|FBpp0303880	|		17.887.005.234.375	MSMS
SYC[Common Fixed:Carbamidomethyl on C]LDIPGDFPYPIIADPTRDLAVT[1 nucleotide substitution:T->S on T]LGMLDEEQK	SYCLDIPGDFPYPIIADPTRDLAVTLGMLDEEQK	UNDEFINED			4.207.818.462.519.030	MSMS
SYDYDFET[1 nucleotide substitution:T->S on T]GVASNPK	SYDYDFETGVASNPK	FBpp0073419|FBpp0073420|FBpp0073421|FBpp0073422	|||		2.154.385.365.841.780	MSMS
SYELPDGQVIT[1 nucleotide substitution:T->S on T]IGNERFRC[Common Fixed:Carbamidomethyl on C]PESLFQPSFLGM[Common Variable:Oxidation on M]ESC[Common Fixed:Carbamidomethyl on C]GIHETVYNSIMK	SYELPDGQVITIGNERFRCPESLFQPSFLGMESCGIHETVYNSIMK	FBpp0071448			0	MSMSIdentifiedButNotQuantified
SYSNYGHFDYTFFNDYYT[1 nucleotide substitution:T->S on T]K	SYSNYGHFDYTFFNDYYTK	FBpp0077690|FBpp0311765	|		10.133.148.583.333.300	MSMS
T[1 nucleotide substitution:T->S on T]ADGQVFDLHKPEAIK	TADGQVFDLHKPEAIK	FBpp0072365			4.696.518.703.125	MSMS
T[1 nucleotide substitution:T->S on T]ADQLASTDPDYSIRDLYNRIK	TADQLASTDPDYSIRDLYNRIK	FBpp0074825			154.724.712.890.625	MSMS
T[1 nucleotide substitution:T->S on T]AENFRALC[Common Fixed:Carbamidomethyl on C]TGEK	TAENFRALCTGEK	FBpp0074017;FBpp0075478|FBpp0075479;FBpp0084655	;|;		10.553.142.727.635.200	MSMS
T[1 nucleotide substitution:T->S on T]AIT[1 nucleotide substitution:T->S on T]SNNLPK	TAITSNNLPK	FBpp0301745|FBpp0301746	|		1.307.162.984.375	MSMS
T[1 nucleotide substitution:T->S on T]ALAIDTIINQK	TALAIDTIINQK	FBpp0071794			10.725.515.125	MSMS
T[1 nucleotide substitution:T->S on T]FDYPDDDITRNYIQC[Common Fixed:Carbamidomethyl on C]IFVK	TFDYPDDDITRNYIQCIFVK	FBpp0087892|FBpp0308406	|		36.210.263.892.305.600	MSMS
T[1 nucleotide substitution:T->S on T]GEELQAAEDK	TGEELQAAEDK	FBpp0080455;FBpp0080458;FBpp0080459;FBpp0080462;FBpp0298830			6.890.289.296.875	MSMS
T[1 nucleotide substitution:T->S on T]GRIFNVTQHAVGVIVNK	TGRIFNVTQHAVGVIVNK	FBpp0085314|FBpp0303728|FBpp0311640	||		0	MSMSIdentifiedButNotQuantified
T[1 nucleotide substitution:T->S on T]GSIPTEMVADILRLMGQPFDK	TGSIPTEMVADILRLMGQPFDK	FBpp0088546|FBpp0311345	|		1.538.555.091.798.770	MSMS
T[1 nucleotide substitution:T->S on T]IQAEPVTK	TIQAEPVTK	FBpp0075067|FBpp0311791	|		131.677.516.796.875	MSMS
T[1 nucleotide substitution:T->S on T]IQAEPVTKPIQAEPQTK	TIQAEPVTKPIQAEPQTK	FBpp0075067|FBpp0311791	|		9.271.846.041.666.660	MSMS
T[1 nucleotide substitution:T->S on T]IVSHYWHLMETYPEYHK	TIVSHYWHLMETYPEYHK	FBpp0088363|FBpp0311507	|		87.646.408.125	MSMS
T[1 nucleotide substitution:T->S on T]KPKSIK	TKPKSIK	FBpp0071097|FBpp0301952	|		38.966.305.859.375	MSMS
T[1 nucleotide substitution:T->S on T]KPVKQEAPK	TKPVKQEAPK	FBpp0079097|FBpp0079098|FBpp0079099|FBpp0079100	|||		21.698.304.443.343.900	MSMS
T[1 nucleotide substitution:T->S on T]LDLSPDLK	TLDLSPDLK	FBpp0100074|FBpp0310851	|		6.933.631.759.253.210	MSMS
T[1 nucleotide substitution:T->S on T]LEIEEEILK	TLEIEEEILK	FBpp0075067|FBpp0311791	|		296.852.246.875	MSMS
T[1 nucleotide substitution:T->S on T]LGQGTSSVTIGLSLFGGGK	TLGQGTSSVTIGLSLFGGGK	FBpp0076720			25.380.455.715.180.000	MSMS
T[1 nucleotide substitution:T->S on T]LIDALDAILPPARPTDK	TLIDALDAILPPARPTDK	FBpp0087142|FBpp0304260|FBpp0311272|FBpp0311273	|||		8.419.731.958.333.330	MSMS
T[1 nucleotide substitution:T->S on T]LNLLAPVSQLLK	TLNLLAPVSQLLK	FBpp0084964			0	MSMSIdentifiedButNotQuantified
T[1 nucleotide substitution:T->S on T]LSIKHNLNVDDT[1 nucleotide substitution:T->S on T]KAK	TLSIKHNLNVDDTKAK	FBpp0077596|FBpp0306853	|		0	MSMSAmbiguousPeakfinding
T[1 nucleotide substitution:T->S on T]NGYDYSTM[Common Variable:Oxidation on M]YRSSDYTYMK	TNGYDYSTMYRSSDYTYMK	FBpp0077690|FBpp0311765	|		0	MSMSAmbiguousPeakfinding
T[1 nucleotide substitution:T->S on T]PSPTTPK	TPSPTTPK	FBpp0307654|FBpp0307656	|		0	MSMSAmbiguousPeakfinding
T[1 nucleotide substitution:T->S on T]SSGIEFNTAGHSNQESGK	TSSGIEFNTAGHSNQESGK	FBpp0079771|FBpp0079772|FBpp0100039|FBpp0293784|FBpp0304343	||||		6.068.092.884.328.000	MSMS
T[1 nucleotide substitution:T->S on T]TTAGGILLPEESVPK	TTTAGGILLPEESVPK	FBpp0082377			78.234.774.375	MSMS
T[1 nucleotide substitution:T->S on T]VLPTAVEPAPLKPEAEKPAETK	TVLPTAVEPAPLKPEAEKPAETK	FBpp0074427|FBpp0074428|FBpp0074429|FBpp0074430	|||		17.608.420.934.091.200	MSMS
T[1 nucleotide substitution:T->S on T]VMRTWLPAGEALLQMIAIHLPSPVVAQK	TVMRTWLPAGEALLQMIAIHLPSPVVAQK	FBpp0085265|FBpp0085266|FBpp0305182	||		25.408.023.515.625	MSMS
T[1 nucleotide substitution:T->S on T]VQDFDAK	TVQDFDAK	FBpp0290468			134.221.371.875	MSMS
TADQLAST[1 nucleotide substitution:T->S on T]DPDYSIRDLYNRIK	TADQLASTDPDYSIRDLYNRIK	FBpp0074825			21.949.451.860.439.500	MSMS
TAENFRALC[Common Fixed:Carbamidomethyl on C]T[1 nucleotide substitution:T->S on T]GEK	TAENFRALCTGEK	FBpp0074017;FBpp0075478|FBpp0075479;FBpp0084655	;|;		1.165.868.860.581.380	MSMS
TAHKNGTT[1 nucleotide substitution:T->S on T]LK	TAHKNGTTLK	FBpp0070914|FBpp0070915	|		10.886.969.470.065.000	MSMS
TALAIDT[1 nucleotide substitution:T->S on T]IINQK	TALAIDTIINQK	FBpp0071794			1.266.626.578.125	MSMS
TART[1 nucleotide substitution:T->S on T]EAEPTVEAQPQATK	TARTEAEPTVEAQPQATK	FBpp0074427|FBpp0074428|FBpp0074429|FBpp0074430	|||		28.432.438.125	MSMS
TARTEAEPT[1 nucleotide substitution:T->S on T]VEAQPQATK	TARTEAEPTVEAQPQATK	FBpp0074427|FBpp0074428|FBpp0074429|FBpp0074430	|||		0	MSMSAmbiguousPeakfinding
TARTEAEPTVEAQPQAT[1 nucleotide substitution:T->S on T]K	TARTEAEPTVEAQPQATK	FBpp0074427|FBpp0074428|FBpp0074429|FBpp0074430	|||		0	MSMSAmbiguousPeakfinding
TC[Common Fixed:Carbamidomethyl on C]PKISEIT[1 nucleotide substitution:T->S on T]IK	TCPKISEITIK	FBpp0082695			0	MSMSIdentifiedButNotQuantified
TEAEPTVEAQPQAT[1 nucleotide substitution:T->S on T]K	TEAEPTVEAQPQATK	FBpp0074427|FBpp0074428|FBpp0074429|FBpp0074430	|||		1.871.691.454.609.910	MSMS
TEASAIGST[1 nucleotide substitution:T->S on T]TEISTIGK	TEASAIGSTTEISTIGK	FBpp0303291|FBpp0303292	|		0	MSMSIdentifiedButNotQuantified
TFAT[1 nucleotide substitution:T->S on T]FNPATSK	TFATFNPATSK	FBpp0084452			15.549.935.625	MSMS
TFDYPDDDIT[1 nucleotide substitution:T->S on T]RNYIQC[Common Fixed:Carbamidomethyl on C]IFVK	TFDYPDDDITRNYIQCIFVK	FBpp0087892|FBpp0308406	|		23.416.057.294.698.600	MSMS
TGTIT[1 nucleotide substitution:T->S on T]TFK	TGTITTFK	FBpp0085265|FBpp0085266|FBpp0305182	||		7.022.703.161.208.250	MSMS
TGTITT[1 nucleotide substitution:T->S on T]FK	TGTITTFK	FBpp0085265|FBpp0085266|FBpp0305182	||		2.910.737.191.795.010	MSMS
THEDLT[1 nucleotide substitution:T->S on T]NYRTQC[Common Fixed:Carbamidomethyl on C]VEK	THEDLTNYRTQCVEK	FBpp0084828|FBpp0305400	|		10.726.929.083.333.300	MSMS
THGIT[1 nucleotide substitution:T->S on T]LEK	THGITLEK	FBpp0271816|FBpp0312495	|		6.575.983.664.665.150	MSMS
THGYPGVNIT[1 nucleotide substitution:T->S on T]DFTNSWR	THGYPGVNITDFTNSWR	FBpp0072934|FBpp0089203|FBpp0089204|FBpp0289294|FBpp0292863|FBpp0304366|FBpp0304367	||||||		6.484.236.290.088.940	MSMS
TILSDLVDST[1 nucleotide substitution:T->S on T]GDYVK	TILSDLVDSTGDYVK	FBpp0088252|FBpp0306689|FBpp0311463|FBpp0311464	|||		0	MSMSIdentifiedButNotQuantified
TIQAEPVT[1 nucleotide substitution:T->S on T]K	TIQAEPVTK	FBpp0075067|FBpp0311791	|		12.489.904.140.625	MSMS
TIQAEPVT[1 nucleotide substitution:T->S on T]KPIQAEPQTK	TIQAEPVTKPIQAEPQTK	FBpp0075067|FBpp0311791	|		7.414.635.570.795.780	MSMS
TIQAEPVTKPIQAEPQT[1 nucleotide substitution:T->S on T]K	TIQAEPVTKPIQAEPQTK	FBpp0075067|FBpp0311791	|		2.335.502.515.625	MSMS
TIT[1 nucleotide substitution:T->S on T]LEVEPSDTIENVK	TITLEVEPSDTIENVK	FBpp0070894|FBpp0073034|FBpp0073035|FBpp0089269|FBpp0305348|FBpp0305700|FBpp0311816;FBpp0077159|FBpp0306837;FBpp0079606	||||||;|;		11.844.017.375	MSMS
TIVSHYWHLM[Common Variable:Oxidation on M]ET[1 nucleotide substitution:T->S on T]YPEYHK	TIVSHYWHLMETYPEYHK	FBpp0088363|FBpp0311507	|		7.393.642.373.379.630	MSMS
TIVSHYWHLMET[1 nucleotide substitution:T->S on T]YPEYHK	TIVSHYWHLMETYPEYHK	FBpp0088363|FBpp0311507	|		188.578.881.875	MSMS
TKET[1 nucleotide substitution:T->S on T]SADSKPATK	TKETSADSKPATK	FBpp0290339|FBpp0300985|FBpp0300986|FBpp0310665	|||		25.202.199.871.577.100	MSMS
TLIDALDAILPPARPT[1 nucleotide substitution:T->S on T]DK	TLIDALDAILPPARPTDK	FBpp0087142|FBpp0304260|FBpp0311272|FBpp0311273	|||		4.406.328.333.333.330	MSMS
TLIDQESVRDAADT[1 nucleotide substitution:T->S on T]K	TLIDQESVRDAADTK	FBpp0111603|FBpp0111604	|		1.350.820.625	MSMS
TLST[1 nucleotide substitution:T->S on T]LQNHSVPIAARVT[1 nucleotide substitution:T->S on T]VSK	TLSTLQNHSVPIAARVTVSK	FBpp0087266			0	MSMSAmbiguousPeakfinding
TNAPLAPAGAT[1 nucleotide substitution:T->S on T]K	TNAPLAPAGATK	FBpp0074427|FBpp0074428|FBpp0074429|FBpp0074430	|||		3731746.25	MSMS
TNGYDYST[1 nucleotide substitution:T->S on T]M[Common Variable:Oxidation on M]YRSSDYTYMK	TNGYDYSTMYRSSDYTYMK	FBpp0077690|FBpp0311765	|		0	MSMSAmbiguousPeakfinding
TNGYDYST[1 nucleotide substitution:T->S on T]MYRSSDYTYMK	TNGYDYSTMYRSSDYTYMK	FBpp0077690|FBpp0311765	|		9.546.573.208.333.330	MSMS
TNGYDYSTMYRSSDYT[1 nucleotide substitution:T->S on T]YMK	TNGYDYSTMYRSSDYTYMK	FBpp0077690|FBpp0311765	|		6.651.045.291.666.660	MSMS
TNVT[1 nucleotide substitution:T->S on T]LVKPTDNSAK	TNVTLVKPTDNSAK	FBpp0077343			3.530.232.651.482.240	MSMS
TPATKSNQT[1 nucleotide substitution:T->S on T]MPK	TPATKSNQTMPK	FBpp0073530			0	MSMSIdentifiedButNotQuantified
TT[1 nucleotide substitution:T->S on T]ALTM[Common Variable:Oxidation on M]VK	TTALTMVK	FBpp0085816|FBpp0085817|FBpp0311551	||		9.575.680.210.270.780	MSMS
TT[1 nucleotide substitution:T->S on T]LTAAITK	TTLTAAITK	FBpp0086790|FBpp0290603	|		2.522.318.734.375	MSMS
TTT[1 nucleotide substitution:T->S on T]QDAPQPIEETPEVK	TTTQDAPQPIEETPEVK	FBpp0088093			13.195.406.447.432.600	MSMS
TVLPT[1 nucleotide substitution:T->S on T]AVEPAPLKPEAEK	TVLPTAVEPAPLKPEAEK	FBpp0074427|FBpp0074428|FBpp0074429|FBpp0074430	|||		17.715.723.125	MSMS
TVLPTAVEPAPLKPEAEKPAET[1 nucleotide substitution:T->S on T]K	TVLPTAVEPAPLKPEAEKPAETK	FBpp0074427|FBpp0074428|FBpp0074429|FBpp0074430	|||		1.266.209.796.875	MSMS
TVMRT[1 nucleotide substitution:T->S on T]WLPAGEALLQMIAIHLPSPVVAQK	TVMRTWLPAGEALLQMIAIHLPSPVVAQK	FBpp0085265|FBpp0085266|FBpp0305182	||		3.480.930.015.625	MSMS
TVTNAVITVPAYFNDSQRQAT[1 nucleotide substitution:T->S on T]K	TVTNAVITVPAYFNDSQRQATK	FBpp0082514|FBpp0082515|FBpp0082516|FBpp0082517|FBpp0082518|FBpp0082519|FBpp0307982	||||||		276.761.774.063.729	MSMS
TYSAPAVST[1 nucleotide substitution:T->S on T]YTAPVVTK	TYSAPAVSTYTAPVVTK	FBpp0073711			288.237.528.125	MSMS
TYT[1 nucleotide substitution:T->S on T]APAVST[1 nucleotide substitution:T->S on T]YTAPVVAK	TYTAPAVSTYTAPVVAK	FBpp0073711			3.019.246.842.990.170	MSMS
TYT[1 nucleotide substitution:T->S on T]APAVSTYTAPVVAK	TYTAPAVSTYTAPVVAK	FBpp0073711			42.724.218.125	MSMS
VAAAAAT[1 nucleotide substitution:T->S on T]AAAAT[1 nucleotide substitution:T->S on T]PNNEPNSNTLK	VAAAAATAAAATPNNEPNSNTLK	FBpp0081553|FBpp0306683|FBpp0306684	||		18.758.117.166.666.600	MSMS
VAST[1 nucleotide substitution:T->S on T]LSSDGVLTIK	VASTLSSDGVLTIK	FBpp0076181|FBpp0301282	|		0	MSMSAmbiguousPeakfinding
VAT[1 nucleotide substitution:T->S on T]EIVSAAK	VATEIVSAAK	FBpp0076412			380.813.234.375	MSMS
VATYAAPAISAYSSAPSLT[1 nucleotide substitution:T->S on T]K	VATYAAPAISAYSSAPSLTK	FBpp0112094|FBpp0304995	|		8.573.697.125	MSMS
VC[Common Fixed:Carbamidomethyl on C]T[1 nucleotide substitution:T->S on T]DELK	VCTDELK	FBpp0075406|FBpp0075407	|		6.692.953.730.313.530	MSMS
VDATVEGELAEQYAVRGYPT[1 nucleotide substitution:T->S on T]LK	VDATVEGELAEQYAVRGYPTLK	FBpp0075401|FBpp0312224	|		12.202.630.533.916.900	MSMS
VDPGTGQIT[1 nucleotide substitution:T->S on T]ILGIVDPK	VDPGTGQITILGIVDPK	FBpp0085697|FBpp0309411	|		4283747.75	MSMS
VEGNDSSFLEFEM[Common Variable:Oxidation on M]T[1 nucleotide substitution:T->S on T]GSTYEPIGEVFLNGQRIK	VEGNDSSFLEFEMTGSTYEPIGEVFLNGQRIK	FBpp0072124;FBpp0309946			0	MSMSIdentifiedButNotQuantified
VFLENVIRDAVT[1 nucleotide substitution:T->S on T]YTEHAK	VFLENVIRDAVTYTEHAK	FBpp0082421|FBpp0082422|FBpp0082423|FBpp0085280|FBpp0091116|FBpp0091118|FBpp0091120|FBpp0091128|FBpp0091130|FBpp0091132|FBpp0091134|FBpp0091136|FBpp0091138|FBpp0091140|FBpp0091142|FBpp0091144|FBpp0091146|FBpp0091148|FBpp0091150|FBpp0091152|FBpp0091154|FBpp0306146	|||||||||||||||||||||		1.979.796.090.084.840	MSMS
VGVIKMDEST[1 nucleotide substitution:T->S on T]NK	VGVIKMDESTNK	FBpp0081902			1.211.008.634.375	MSMS
VIAYFAT[1 nucleotide substitution:T->S on T]VGASK	VIAYFATVGASK	FBpp0080455;FBpp0080458;FBpp0080459;FBpp0080462;FBpp0298830			9.675.428.259.011.100	MSMS
VIDFNLDRT[1 nucleotide substitution:T->S on T]LDDFVK	VIDFNLDRTLDDFVK	FBpp0075401|FBpp0312224	|		32.674.087.916.383.700	MSMS
VIERHISQELPFM[Common Variable:Oxidation on M]ST[1 nucleotide substitution:T->S on T]ENIIMAMVK	VIERHISQELPFMSTENIIMAMVK	FBpp0082816			0	MSMSIdentifiedButNotQuantified
VINDNFEIVEGLMT[1 nucleotide substitution:T->S on T]TVHATTATQK	VINDNFEIVEGLMTTVHATTATQK	FBpp0073922|FBpp0304864;FBpp0087977|FBpp0099914	|		4.477.969.958.333.330	MSMS
VINDNFEIVEGLMTTVHAT[1 nucleotide substitution:T->S on T]TATQK	VINDNFEIVEGLMTTVHATTATQK	FBpp0073922|FBpp0304864;FBpp0087977|FBpp0099914	|		0	MSMSAmbiguousPeakfinding
VINDNFEIVEGLMTTVHATT[1 nucleotide substitution:T->S on T]ATQK	VINDNFEIVEGLMTTVHATTATQK	FBpp0073922|FBpp0304864;FBpp0087977|FBpp0099914	|		0	MSMSAmbiguousPeakfinding
VINDNFEIVEGLMTTVHATTAT[1 nucleotide substitution:T->S on T]QK	VINDNFEIVEGLMTTVHATTATQK	FBpp0073922|FBpp0304864;FBpp0087977|FBpp0099914	|		4279556.5	MSMS
VKGEIVT[1 nucleotide substitution:T->S on T]LK	VKGEIVTLK	FBpp0078992			107.357.515.625	MSMS
VLDSLFPC[Common Fixed:Carbamidomethyl on C]VQGGTT[1 nucleotide substitution:T->S on T]AIPGAFGC[Common Fixed:Carbamidomethyl on C]GK	VLDSLFPCVQGGTTAIPGAFGCGK	FBpp0079999|FBpp0080000|FBpp0080001|FBpp0294002|FBpp0307596|FBpp0307597;FBpp0080010|FBpp0307601	|||||;|		15.382.473.152.172.100	MSMS
VLEQLT[1 nucleotide substitution:T->S on T]GQQPVFSK	VLEQLTGQQPVFSK	FBpp0085717|FBpp0309436	|		10.981.721.363.603.800	MSMS
VLGIIDHVLEHPPET[1 nucleotide substitution:T->S on T]VSET[1 nucleotide substitution:T->S on T]GPASDGGVTSGK	VLGIIDHVLEHPPETVSETGPASDGGVTSGK	FBpp0079590|FBpp0304498	|		1.311.583.234.375	MSMS
VLGRTGSQGQC[Common Fixed:Carbamidomethyl on C]T[1 nucleotide substitution:T->S on T]QVK	VLGRTGSQGQCTQVK	FBpp0071295|FBpp0310057	|		324.394.859.375	MSMS
VLPMNTGVEGGET[1 nucleotide substitution:T->S on T]AC[Common Fixed:Carbamidomethyl on C]K	VLPMNTGVEGGETACK	FBpp0074729			0	MSMSIdentifiedButNotQuantified
VLSGQT[1 nucleotide substitution:T->S on T]IEQAIK	VLSGQTIEQAIK	FBpp0070024|FBpp0291143	|		26.869.058.125	MSMS
VLVTGAAGTQDQLANAAQNAVSTIT[1 nucleotide substitution:T->S on T]QLAEAVK	VLVTGAAGTQDQLANAAQNAVSTITQLAEAVK	FBpp0293740|FBpp0305317|FBpp0305318|FBpp0305319|FBpp0305320	||||		39.610.101.666.666.600	MSMS
VNQIGT[1 nucleotide substitution:T->S on T]VTESIAAHLLAK	VNQIGTVTESIAAHLLAK	FBpp0077571|FBpp0077572|FBpp0077573|FBpp0077574|FBpp0077575|FBpp0291325	|||||		15.565.376.041.666.600	MSMS
VNQIGTVT[1 nucleotide substitution:T->S on T]ESIAAHLLAK	VNQIGTVTESIAAHLLAK	FBpp0077571|FBpp0077572|FBpp0077573|FBpp0077574|FBpp0077575|FBpp0291325	|||||		11.570.630.011.589.200	MSMS
VPAHQRGVIQEVSLLT[1 nucleotide substitution:T->S on T]K	VPAHQRGVIQEVSLLTK	FBpp0084133			21.475.226.223.092.900	MSMS
VPDST[1 nucleotide substitution:T->S on T]YEM[Common Variable:Oxidation on M]VGGLDKQIKEIK	VPDSTYEMVGGLDKQIKEIK	FBpp0076890			0	MSMSAmbiguousPeakfinding
VPLSPPPNYSPHPLT[1 nucleotide substitution:T->S on T]PPPSYTERPR	VPLSPPPNYSPHPLTPPPSYTERPR	FBpp0292221			3533548	MSMS
VQEAANGPLKGILGYT[1 nucleotide substitution:T->S on T]DEEVVST[1 nucleotide substitution:T->S on T]DFLSDTHSSVFDAK	VQEAANGPLKGILGYTDEEVVSTDFLSDTHSSVFDAK	FBpp0073922|FBpp0304864	|		41.862.850.439.610.700	MSMS
VSAST[1 nucleotide substitution:T->S on T]EIPK	VSASTEIPK	FBpp0070195			0	MSMSAmbiguousPeakfinding
VSHDTT[1 nucleotide substitution:T->S on T]VVYELGNKPK	VSHDTTVVYELGNKPK	FBpp0088252|FBpp0306689|FBpp0311463|FBpp0311464	|||		713.035.415.636.747	MSMS
VSST[1 nucleotide substitution:T->S on T]LSGLEGELK	VSSTLSGLEGELK	FBpp0076270;FBpp0076272|FBpp0303940|FBpp0311280;FBpp0076273	;||;		31.152.090.625	MSMS
VT[1 nucleotide substitution:T->S on T]EALIAK	VTEALIAK	FBpp0087892|FBpp0308406	|		8.640.816.331.492.810	MSMS
VT[1 nucleotide substitution:T->S on T]ETVLAAVYK	VTETVLAAVYK	FBpp0084367|FBpp0084368|FBpp0084372|FBpp0302780|FBpp0308680;FBpp0089214|FBpp0297612|FBpp0302781	||||;||		16.093.120.625	MSMS
VTET[1 nucleotide substitution:T->S on T]VLAAVYK	VTETVLAAVYK	FBpp0084367|FBpp0084368|FBpp0084372|FBpp0302780|FBpp0308680;FBpp0089214|FBpp0297612|FBpp0302781	||||;||		205.272.896.875	MSMS
VTGLNAT[1 nucleotide substitution:T->S on T]GYPGVNLK	VTGLNATGYPGVNLK	FBpp0073419|FBpp0073420|FBpp0073421|FBpp0073422	|||		34.253.529.585.783.500	MSMS
VTHAVVT[1 nucleotide substitution:T->S on T]VPAYFNDAQRQATK	VTHAVVTVPAYFNDAQRQATK	FBpp0073445|FBpp0073446|FBpp0073447|FBpp0073448|FBpp0311376	||||		5.382.343.601.915.590	MSMS
VTKT[1 nucleotide substitution:T->S on T]SSISPTASSNKEK	VTKTSSISPTASSNKEK	FBpp0071234			0	MSMSIdentifiedButNotQuantified
VTPRT[1 nucleotide substitution:T->S on T]IAK	VTPRTIAK	FBpp0080920|FBpp0307790	|		3806295	MSMS
VTVHYT[1 nucleotide substitution:T->S on T]GTLDDGTK	VTVHYTGTLDDGTK	FBpp0085703			12.696.769.635.884.900	MSMS
VTVTFYPYDVT[1 nucleotide substitution:T->S on T]VPIAETTK	VTVTFYPYDVTVPIAETTK	FBpp0100045|FBpp0100047|FBpp0100048|FBpp0100050|FBpp0100051	||||		3.181.525.453.125	MSMS
VTVTFYPYDVTVPIAET[1 nucleotide substitution:T->S on T]TK	VTVTFYPYDVTVPIAETTK	FBpp0100045|FBpp0100047|FBpp0100048|FBpp0100050|FBpp0100051	||||		1.198.285.671.875	MSMS
VVFVPVDVT[1 nucleotide substitution:T->S on T]SEK	VVFVPVDVTSEK	FBpp0074285			0	MSMSIdentifiedButNotQuantified
VVLASGRTFEAVEQLLESAST[1 nucleotide substitution:T->S on T]NADDDEYLQLINEIHSK	VVLASGRTFEAVEQLLESASTNADDDEYLQLINEIHSK	FBpp0077343			6133757.25	MSMS
VVRT[1 nucleotide substitution:T->S on T]AITDASGVASLLTTAEAVVTEIPK	VVRTAITDASGVASLLTTAEAVVTEIPK	FBpp0073290|FBpp0073291	|		156.768.221.875	MSMS
VVRTAITDASGVASLLTTAEAVVT[1 nucleotide substitution:T->S on T]EIPK	VVRTAITDASGVASLLTTAEAVVTEIPK	FBpp0073290|FBpp0073291	|		108.469.053.125	MSMS
VVSNASC[Common Fixed:Carbamidomethyl on C]T[1 nucleotide substitution:T->S on T]TNC[Common Fixed:Carbamidomethyl on C]LAPLAK	VVSNASCTTNCLAPLAK	FBpp0073922|FBpp0304864;FBpp0087977|FBpp0099914	|		3.419.044.375	MSMS
VVSNASC[Common Fixed:Carbamidomethyl on C]TT[1 nucleotide substitution:T->S on T]NC[Common Fixed:Carbamidomethyl on C]LAPLAK	VVSNASCTTNCLAPLAK	FBpp0073922|FBpp0304864;FBpp0087977|FBpp0099914	|		3.572.081.003.366.020	MSMS
VVT[1 nucleotide substitution:T->S on T]IISNPLQYK	VVTIISNPLQYK	FBpp0085585|FBpp0085586	|		13.764.197.707.955.200	MSMS
VYYVDT[1 nucleotide substitution:T->S on T]FAK	VYYVDTFAK	FBpp0072365			7.936.086.125	MSMS
WQYPDDAVT[1 nucleotide substitution:T->S on T]HC[Common Fixed:Carbamidomethyl on C]YLEC[Common Fixed:Carbamidomethyl on C]IFQK	WQYPDDAVTHCYLECIFQK	FBpp0084828|FBpp0305400	|		18430777	MSMS
WT[1 nucleotide substitution:T->S on T]DLPT[1 nucleotide substitution:T->S on T]LGAKQPQWR	WTDLPTLGAKQPQWR	FBpp0080483|FBpp0304014	|		29.659.574.901.543.000	MSMS
YDYPLDLT[1 nucleotide substitution:T->S on T]EPHC[Common Fixed:Carbamidomethyl on C]GFPDRLVLPMGWK	YDYPLDLTEPHCGFPDRLVLPMGWK	FBpp0073484			24.783.960.544.107.100	MSMS
YIQAT[1 nucleotide substitution:T->S on T]DLSEASREAVEEK	YIQATDLSEASREAVEEK	FBpp0072097			12.527.915.297.185.700	MSMS
YKPESDDLSAET[1 nucleotide substitution:T->S on T]IEAFLK	YKPESDDLSAETIEAFLK	FBpp0075401|FBpp0312224	|		22.212.958.958.333.300	MSMS
YLAEKPDFLIPC[Common Fixed:Carbamidomethyl on C]IVGDPNFNVC[Common Fixed:Carbamidomethyl on C]LT[1 nucleotide substitution:T->S on T]K	YLAEKPDFLIPCIVGDPNFNVCLTK	FBpp0084473			41.651.250.729.166.600	MSMS
YNLQVRGT[1 nucleotide substitution:T->S on T]RGEHTEAEGGVYDISNK	YNLQVRGTRGEHTEAEGGVYDISNK	FBpp0076270;FBpp0076272|FBpp0303940|FBpp0311280;FBpp0076273	;||;		9.501.460.094.672.580	MSMS
YT[1 nucleotide substitution:T->S on T]EDEELNK	YTEDEELNK	FBpp0072904|FBpp0305095	|		607.628.637.798.883	MSMS
YYVT[1 nucleotide substitution:T->S on T]IIDAPGHRDFIK	YYVTIIDAPGHRDFIK	FBpp0085193|FBpp0085194|FBpp0089103|FBpp0089104;FBpp0087142|FBpp0304260|FBpp0311272|FBpp0311273	|||		0	MSMSAmbiguousPeakfinding
